date,ice_gasoil,eurobob_oxy,rbob_gasoline
2023-01-01,946.51,838.72,2.3975
2023-01-02,940.17,840.5,2.4333
2023-01-03,946.92,848.36,2.431
2023-01-04,948.2,845.96,2.4547
2023-01-05,954.27,849.22,2.4425
2023-01-06,945.93,844.34,2.4321
2023-01-07,928.09,855.26,2.4683
2023-01-08,920.73,863.57,2.4324
2023-01-09,954.13,857.35,2.4718
2023-01-10,945.88,850.12,2.4537
2023-01-11,945.7,829.75,2.4074
2023-01-12,956.56,853.75,2.4634
2023-01-13,953.89,849.74,2.4392
2023-01-14,944.06,842.3,2.4485
2023-01-15,940.34,823.3,2.4419
2023-01-16,932.81,860.55,2.4459
2023-01-17,927.95,856.51,2.4403
2023-01-18,956.33,848.58,2.4205
2023-01-19,942.45,849.93,2.4094
2023-01-20,946.5,837.65,2.3977
2023-01-21,927.88,833.54,2.4082
2023-01-22,948.4,841.25,2.3472
2023-01-23,956.76,839.75,2.44
2023-01-24,938.18,850.06,2.3759
2023-01-25,939.89,848.04,2.4702
2023-01-26,933.65,831.63,2.4631
2023-01-27,943.31,851.29,2.4038
2023-01-28,952.5,840.15,2.4063
2023-01-29,933.1,834.85,2.4158
2023-01-30,940.16,841.08,2.4508
2023-01-31,940.66,839.69,2.3876
2023-02-01,934.97,831.44,2.3728
2023-02-02,931.08,845.66,2.3907
2023-02-03,933.98,832.4,2.4182
2023-02-04,940.72,838.19,2.4016
2023-02-05,940.38,838.99,2.3938
2023-02-06,934.2,824.63,2.4244
2023-02-07,914.23,844.74,2.446
2023-02-08,946.49,843.37,2.4108
2023-02-09,926.34,843.07,2.4123
2023-02-10,931.63,847.61,2.4068
2023-02-11,950.13,823.07,2.4106
2023-02-12,930.4,824.76,2.3549
2023-02-13,925.68,829.6,2.398
2023-02-14,927.8,832.44,2.3774
2023-02-15,948.05,835.28,2.4194
2023-02-16,915.97,839.51,2.4065
2023-02-17,923.97,817.97,2.3789
2023-02-18,927.27,841.89,2.4325
2023-02-19,917.26,846.11,2.4323
2023-02-20,924.72,842.16,2.4088
2023-02-21,917.16,832.56,2.414
2023-02-22,941.75,851.02,2.4015
2023-02-23,940.04,830.55,2.3654
2023-02-24,935.89,825.14,2.3611
2023-02-25,936.36,834.53,2.4116
2023-02-26,944.8,837.12,2.3572
2023-02-27,933.08,831.72,2.4395
2023-02-28,923.44,826.35,2.4117
2023-03-01,932.56,826.0,2.4147
2023-03-02,922.82,824.93,2.3703
2023-03-03,918.47,845.44,2.4206
2023-03-04,921.16,837.53,2.4118
2023-03-05,902.84,836.46,2.3624
2023-03-06,910.61,831.01,2.3584
2023-03-07,930.52,825.07,2.3856
2023-03-08,914.49,835.85,2.3566
2023-03-09,922.14,834.77,2.422
2023-03-10,921.66,836.42,2.4088
2023-03-11,924.75,839.19,2.3878
2023-03-12,918.37,832.75,2.3698
2023-03-13,929.13,825.65,2.3592
2023-03-14,917.72,834.9,2.3721
2023-03-15,928.71,828.38,2.3358
2023-03-16,911.58,817.59,2.3769
2023-03-17,928.05,839.84,2.3354
2023-03-18,918.01,831.37,2.3783
2023-03-19,919.08,823.75,2.4073
2023-03-20,908.0,831.5,2.3957
2023-03-21,933.17,827.8,2.3133
2023-03-22,917.63,826.13,2.3366
2023-03-23,928.73,821.4,2.3786
2023-03-24,903.68,817.31,2.3758
2023-03-25,918.35,830.74,2.4024
2023-03-26,904.92,821.25,2.3313
2023-03-27,892.84,831.95,2.3758
2023-03-28,925.53,831.28,2.3739
2023-03-29,908.66,832.89,2.3809
2023-03-30,912.53,822.19,2.3511
2023-03-31,907.61,833.54,2.3434
2023-04-01,912.71,821.24,2.3457
2023-04-02,902.32,831.62,2.3934
2023-04-03,921.89,818.01,2.2835
2023-04-04,910.84,821.05,2.3902
2023-04-05,913.42,821.98,2.34
2023-04-06,907.81,839.04,2.3643
2023-04-07,909.37,827.14,2.3321
2023-04-08,917.06,817.5,2.3642
2023-04-09,920.5,824.76,2.3386
2023-04-10,919.28,814.05,2.3657
2023-04-11,903.1,817.54,2.3739
2023-04-12,907.28,821.25,2.321
2023-04-13,913.54,820.23,2.3366
2023-04-14,893.4,819.5,2.3479
2023-04-15,902.3,818.3,2.3109
2023-04-16,919.61,799.76,2.3216
2023-04-17,896.75,822.8,2.335
2023-04-18,918.43,824.59,2.3403
2023-04-19,896.11,831.21,2.3456
2023-04-20,901.68,807.81,2.3168
2023-04-21,897.38,832.07,2.3405
2023-04-22,907.32,833.26,2.3188
2023-04-23,918.55,827.33,2.3534
2023-04-24,894.66,812.96,2.3496
2023-04-25,890.51,832.72,2.3358
2023-04-26,899.96,819.46,2.3626
2023-04-27,902.83,818.85,2.3533
2023-04-28,902.78,809.62,2.3391
2023-04-29,898.59,809.47,2.3568
2023-04-30,911.85,814.65,2.325
2023-05-01,910.95,821.45,2.3087
2023-05-02,915.78,812.73,2.3596
2023-05-03,891.07,818.41,2.2895
2023-05-04,888.05,823.87,2.3153
2023-05-05,896.64,812.56,2.3296
2023-05-06,892.18,818.35,2.3404
2023-05-07,905.49,821.0,2.3681
2023-05-08,893.31,809.67,2.3406
2023-05-09,907.14,806.72,2.3103
2023-05-10,903.03,802.99,2.3311
2023-05-11,906.52,811.37,2.3283
2023-05-12,900.36,822.81,2.3144
2023-05-13,911.48,827.31,2.309
2023-05-14,894.51,821.95,2.2939
2023-05-15,890.88,805.24,2.3228
2023-05-16,901.13,822.87,2.3143
2023-05-17,892.17,808.54,2.3101
2023-05-18,900.9,812.11,2.2891
2023-05-19,902.58,818.23,2.3099
2023-05-20,894.28,792.77,2.3333
2023-05-21,877.3,804.59,2.3229
2023-05-22,898.49,801.37,2.3274
2023-05-23,874.55,818.94,2.2808
2023-05-24,891.96,809.74,2.3178
2023-05-25,899.29,814.79,2.3285
2023-05-26,861.83,799.9,2.292
2023-05-27,896.65,818.11,2.317
2023-05-28,879.97,815.45,2.2914
2023-05-29,883.86,809.82,2.2996
2023-05-30,901.29,804.15,2.3354
2023-05-31,878.83,806.58,2.3112
2023-06-01,879.96,807.28,2.292
2023-06-02,884.71,799.65,2.3102
2023-06-03,893.46,825.62,2.2771
2023-06-04,896.35,813.09,2.331
2023-06-05,875.63,816.46,2.3347
2023-06-06,893.97,809.37,2.3238
2023-06-07,887.23,806.47,2.2981
2023-06-08,892.55,808.61,2.3348
2023-06-09,893.49,804.35,2.2553
2023-06-10,888.2,809.81,2.3266
2023-06-11,879.65,808.39,2.2922
2023-06-12,885.09,797.03,2.2966
2023-06-13,871.33,809.82,2.3136
2023-06-14,886.11,803.11,2.313
2023-06-15,874.14,802.77,2.2956
2023-06-16,878.2,802.74,2.3092
2023-06-17,887.33,800.71,2.2966
2023-06-18,862.72,823.34,2.2836
2023-06-19,872.34,797.96,2.2685
2023-06-20,873.18,797.5,2.277
2023-06-21,885.12,797.78,2.3186
2023-06-22,883.09,800.56,2.2578
2023-06-23,880.0,801.12,2.2802
2023-06-24,871.69,799.43,2.2743
2023-06-25,898.41,814.59,2.2477
2023-06-26,876.94,805.28,2.3067
2023-06-27,872.85,808.0,2.3008
2023-06-28,873.77,795.58,2.2451
2023-06-29,875.92,817.63,2.2964
2023-06-30,865.24,798.18,2.2851
2023-07-01,885.95,800.43,2.2786
2023-07-02,871.77,802.52,2.2209
2023-07-03,888.57,810.52,2.2712
2023-07-04,870.42,801.72,2.2663
2023-07-05,873.9,804.47,2.2209
2023-07-06,858.98,784.89,2.2607
2023-07-07,881.42,809.02,2.2395
2023-07-08,878.6,790.35,2.3259
2023-07-09,874.34,797.64,2.3104
2023-07-10,870.43,805.15,2.2771
2023-07-11,861.96,780.46,2.2642
2023-07-12,874.15,790.75,2.2392
2023-07-13,877.65,787.52,2.2531
2023-07-14,872.58,795.13,2.2636
2023-07-15,876.92,792.79,2.2941
2023-07-16,858.7,809.45,2.2853
2023-07-17,863.72,796.24,2.2404
2023-07-18,874.2,790.31,2.2817
2023-07-19,876.7,791.9,2.2727
2023-07-20,866.42,792.01,2.2275
2023-07-21,867.62,796.01,2.254
2023-07-22,866.84,788.83,2.2559
2023-07-23,866.49,799.38,2.249
2023-07-24,871.02,789.09,2.303
2023-07-25,869.16,790.74,2.2267
2023-07-26,875.29,799.06,2.2067
2023-07-27,856.79,801.85,2.2398
2023-07-28,870.63,792.14,2.2649
2023-07-29,865.36,799.49,2.2162
2023-07-30,861.53,778.24,2.2398
2023-07-31,850.04,789.82,2.2644
2023-08-01,864.33,777.59,2.2376
2023-08-02,862.78,780.87,2.2655
2023-08-03,862.31,794.76,2.2053
2023-08-04,872.06,772.13,2.2576
2023-08-05,868.39,787.97,2.2341
2023-08-06,863.25,783.42,2.2218
2023-08-07,855.32,779.52,2.2379
2023-08-08,864.78,794.83,2.2554
2023-08-09,851.3,782.28,2.2254
2023-08-10,866.87,794.81,2.2599
2023-08-11,862.3,791.99,2.2372
2023-08-12,859.77,783.53,2.2089
2023-08-13,861.01,799.24,2.2472
2023-08-14,854.83,787.81,2.2264
2023-08-15,856.15,781.98,2.2155
2023-08-16,866.79,778.49,2.252
2023-08-17,846.25,776.73,2.1936
2023-08-18,850.85,787.99,2.2395
2023-08-19,848.43,789.4,2.2748
2023-08-20,845.33,774.13,2.2206
2023-08-21,841.48,776.11,2.2465
2023-08-22,842.81,789.5,2.2152
2023-08-23,851.95,782.64,2.2183
2023-08-24,843.59,779.89,2.1933
2023-08-25,860.28,778.38,2.1992
2023-08-26,855.26,785.02,2.2046
2023-08-27,855.43,795.2,2.1997
2023-08-28,856.67,777.78,2.2061
2023-08-29,846.75,782.88,2.1794
2023-08-30,856.04,794.15,2.2036
2023-08-31,857.25,784.28,2.2648
2023-09-01,843.99,777.67,2.1767
2023-09-02,860.96,782.55,2.2057
2023-09-03,838.05,767.59,2.2114
2023-09-04,846.94,782.78,2.1909
2023-09-05,842.4,791.34,2.2096
2023-09-06,841.27,780.29,2.2273
2023-09-07,847.96,778.08,2.2259
2023-09-08,845.14,779.31,2.2099
2023-09-09,840.28,779.21,2.2427
2023-09-10,860.78,773.6,2.1765
2023-09-11,854.06,781.96,2.2169
2023-09-12,843.66,770.24,2.2216
2023-09-13,855.25,781.95,2.2258
2023-09-14,854.62,774.39,2.2055
2023-09-15,843.0,782.23,2.2
2023-09-16,843.82,779.63,2.1997
2023-09-17,840.03,781.05,2.1766
2023-09-18,852.61,786.69,2.2411
2023-09-19,843.88,788.18,2.2188
2023-09-20,845.75,769.71,2.1586
2023-09-21,838.56,773.93,2.2039
2023-09-22,847.2,778.5,2.1654
2023-09-23,831.33,785.46,2.2231
2023-09-24,842.85,770.62,2.2134
2023-09-25,824.71,772.16,2.1599
2023-09-26,852.43,778.96,2.2196
2023-09-27,833.26,783.46,2.1957
2023-09-28,849.67,768.21,2.205
2023-09-29,832.9,773.06,2.2129
2023-09-30,839.36,775.91,2.181
2023-10-01,838.2,779.04,2.1869
2023-10-02,844.45,776.54,2.1583
2023-10-03,842.72,784.85,2.1924
2023-10-04,834.36,770.27,2.1806
2023-10-05,832.36,775.88,2.1756
2023-10-06,834.31,774.46,2.2159
2023-10-07,846.87,758.87,2.1706
2023-10-08,830.65,780.06,2.1478
2023-10-09,832.54,772.14,2.1218
2023-10-10,837.84,779.12,2.2012
2023-10-11,842.76,779.55,2.1766
2023-10-12,815.17,757.23,2.1563
2023-10-13,831.15,768.7,2.1748
2023-10-14,836.13,759.49,2.1831
2023-10-15,838.7,772.17,2.2049
2023-10-16,825.77,773.02,2.1817
2023-10-17,837.45,774.49,2.1746
2023-10-18,834.37,780.94,2.1414
2023-10-19,841.53,789.14,2.1468
2023-10-20,836.21,771.33,2.2092
2023-10-21,826.51,772.27,2.1385
2023-10-22,818.89,777.69,2.1523
2023-10-23,850.13,778.25,2.1604
2023-10-24,829.76,770.47,2.1747
2023-10-25,836.56,751.22,2.1502
2023-10-26,842.32,773.67,2.15
2023-10-27,814.26,766.36,2.1464
2023-10-28,819.61,764.37,2.1498
2023-10-29,822.82,786.87,2.1437
2023-10-30,823.24,770.84,2.1872
2023-10-31,826.15,760.02,2.162
2023-11-01,822.77,770.93,2.1443
2023-11-02,817.15,764.86,2.1445
2023-11-03,833.27,757.31,2.1402
2023-11-04,813.09,759.4,2.14
2023-11-05,819.17,771.9,2.1498
2023-11-06,832.68,762.55,2.1683
2023-11-07,817.47,769.16,2.1599
2023-11-08,831.18,771.46,2.158
2023-11-09,821.53,764.06,2.099
2023-11-10,826.54,774.57,2.1748
2023-11-11,812.31,770.3,2.1529
2023-11-12,819.15,764.86,2.1206
2023-11-13,819.25,764.71,2.1421
2023-11-14,823.55,771.11,2.1484
2023-11-15,818.88,765.66,2.1602
2023-11-16,825.46,767.7,2.1635
2023-11-17,815.64,760.59,2.1374
2023-11-18,821.56,756.46,2.1395
2023-11-19,824.09,758.29,2.1412
2023-11-20,821.87,767.39,2.1134
2023-11-21,821.48,760.34,2.0961
2023-11-22,823.59,763.28,2.1604
2023-11-23,809.65,772.27,2.14
2023-11-24,828.7,760.83,2.1513
2023-11-25,827.3,766.75,2.1069
2023-11-26,805.95,760.16,2.1247
2023-11-27,803.37,753.23,2.1303
2023-11-28,809.59,763.59,2.141
2023-11-29,809.65,772.83,2.1076
2023-11-30,814.63,751.97,2.1333
2023-12-01,806.94,761.8,2.1285
2023-12-02,813.95,758.77,2.1212
2023-12-03,811.19,750.67,2.137
2023-12-04,821.14,757.92,2.136
2023-12-05,792.66,767.9,2.1278
2023-12-06,805.82,747.51,2.1589
2023-12-07,809.51,751.2,2.1415
2023-12-08,789.02,755.92,2.1646
2023-12-09,803.44,746.32,2.0972
2023-12-10,818.12,754.76,2.1133
2023-12-11,803.06,746.39,2.1086
2023-12-12,814.04,765.02,2.1418
2023-12-13,807.0,751.73,2.1268
2023-12-14,806.31,751.38,2.0825
2023-12-15,819.4,748.86,2.0967
2023-12-16,807.28,761.89,2.075
2023-12-17,822.99,762.5,2.1097
2023-12-18,801.07,746.46,2.1236
2023-12-19,805.19,750.03,2.1096
2023-12-20,805.35,762.27,2.1641
2023-12-21,806.27,758.65,2.0764
2023-12-22,821.01,755.55,2.104
2023-12-23,805.26,746.76,2.1072
2023-12-24,801.52,744.42,2.1122
2023-12-25,799.97,752.18,2.0892
2023-12-26,801.16,751.15,2.1369
2023-12-27,802.61,744.84,2.0692
2023-12-28,804.14,748.1,2.1333
2023-12-29,803.69,750.89,2.1097
2023-12-30,795.72,749.29,2.1036
2023-12-31,799.97,758.19,2.1486
2024-01-01,803.29,747.79,2.1408
2024-01-02,802.38,743.97,2.0883
2024-01-03,805.74,762.82,2.0814
2024-01-04,813.22,741.12,2.1081
2024-01-05,795.51,743.11,2.111
2024-01-06,808.07,759.55,2.1039
2024-01-07,801.86,752.57,2.0867
2024-01-08,795.7,757.69,2.0877
2024-01-09,789.95,744.49,2.1403
2024-01-10,805.79,748.66,2.1157
2024-01-11,803.31,744.99,2.1317
2024-01-12,789.98,739.99,2.0821
2024-01-13,792.38,740.4,2.1247
2024-01-14,803.94,753.54,2.0823
2024-01-15,787.95,767.28,2.1189
2024-01-16,802.65,765.18,2.1083
2024-01-17,794.05,744.99,2.1005
2024-01-18,787.81,738.17,2.1085
2024-01-19,798.18,752.54,2.1008
2024-01-20,796.71,755.29,2.1309
2024-01-21,807.18,752.8,2.0798
2024-01-22,798.68,756.94,2.1164
2024-01-23,779.83,748.77,2.1276
2024-01-24,793.87,754.9,2.0852
2024-01-25,794.08,751.23,2.1028
2024-01-26,788.77,742.4,2.1218
2024-01-27,801.17,758.07,2.082
2024-01-28,782.98,759.96,2.1086
2024-01-29,795.74,754.2,2.1103
2024-01-30,782.8,762.48,2.1069
2024-01-31,780.44,762.65,2.0923
2024-02-01,781.62,749.02,2.0857
2024-02-02,790.38,754.42,2.0456
2024-02-03,786.83,752.43,2.1029
2024-02-04,790.03,749.09,2.0838
2024-02-05,811.88,769.69,2.0983
2024-02-06,791.09,747.25,2.0966
2024-02-07,789.02,760.58,2.0759
2024-02-08,781.49,765.95,2.0626
2024-02-09,784.83,759.99,2.0659
2024-02-10,782.11,756.95,2.0866
2024-02-11,792.47,762.98,2.105
2024-02-12,787.17,750.57,2.0619
2024-02-13,790.32,762.12,2.058
2024-02-14,794.88,762.14,2.0701
2024-02-15,783.6,750.07,2.1142
2024-02-16,788.7,760.45,2.1011
2024-02-17,794.62,756.66,2.0774
2024-02-18,777.6,751.19,2.0749
2024-02-19,794.54,756.61,2.1009
2024-02-20,779.91,761.0,2.1066
2024-02-21,771.5,766.46,2.1107
2024-02-22,785.59,767.68,2.1057
2024-02-23,798.8,755.84,2.0793
2024-02-24,792.96,764.45,2.0523
2024-02-25,771.26,767.13,2.0939
2024-02-26,780.82,747.09,2.1379
2024-02-27,777.01,770.32,2.0984
2024-02-28,786.93,774.97,2.0749
2024-02-29,788.09,758.61,2.0991
2024-03-01,766.43,764.7,2.0827
2024-03-02,785.1,762.28,2.0849
2024-03-03,788.5,752.55,2.0699
2024-03-04,788.42,760.67,2.0827
2024-03-05,777.7,761.23,2.0651
2024-03-06,775.47,754.72,2.094
2024-03-07,784.21,766.68,2.0565
2024-03-08,786.57,753.31,2.0934
2024-03-09,781.58,753.83,2.0979
2024-03-10,783.81,764.89,2.0298
2024-03-11,778.91,760.13,2.0744
2024-03-12,788.3,768.84,2.0732
2024-03-13,790.62,770.01,2.1026
2024-03-14,791.71,764.92,2.0777
2024-03-15,780.16,772.56,2.0992
2024-03-16,783.12,772.48,2.0714
2024-03-17,774.33,768.83,2.0829
2024-03-18,776.96,764.77,2.0985
2024-03-19,796.08,769.09,2.0762
2024-03-20,777.44,769.31,2.0919
2024-03-21,782.45,767.33,2.061
2024-03-22,784.03,773.38,2.087
2024-03-23,785.41,769.13,2.1155
2024-03-24,776.3,762.61,2.0957
2024-03-25,777.5,751.41,2.0868
2024-03-26,766.55,764.16,2.0948
2024-03-27,781.58,765.69,2.1071
2024-03-28,779.57,769.29,2.0919
2024-03-29,772.87,766.58,2.0577
2024-03-30,788.05,767.02,2.0685
2024-03-31,780.71,762.09,2.0596
2024-04-01,772.74,769.39,2.1106
2024-04-02,766.82,776.31,2.0499
2024-04-03,765.8,763.92,2.0599
2024-04-04,772.86,760.5,2.0636
2024-04-05,788.25,773.82,2.0991
2024-04-06,773.96,758.8,2.0753
2024-04-07,788.83,776.35,2.0835
2024-04-08,768.78,756.32,2.1134
2024-04-09,772.99,769.55,2.0781
2024-04-10,785.15,782.72,2.1005
2024-04-11,769.45,768.39,2.0782
2024-04-12,773.52,768.5,2.0322
2024-04-13,782.91,767.07,2.0729
2024-04-14,778.04,758.41,2.0538
2024-04-15,774.03,783.44,2.0707
2024-04-16,767.37,769.43,2.1051
2024-04-17,763.49,766.89,2.0705
2024-04-18,767.9,758.16,2.0842
2024-04-19,772.48,788.4,2.0834
2024-04-20,781.02,776.41,2.0316
2024-04-21,786.54,784.26,2.0663
2024-04-22,776.23,779.03,2.09
2024-04-23,772.88,770.02,2.0861
2024-04-24,781.57,759.13,2.0803
2024-04-25,768.19,765.82,2.0778
2024-04-26,777.05,771.11,2.0928
2024-04-27,768.81,753.52,2.0717
2024-04-28,772.92,781.31,2.0467
2024-04-29,769.77,787.1,2.0771
2024-04-30,767.83,762.16,2.1008
2024-05-01,761.66,791.79,2.0768
2024-05-02,756.24,771.76,2.0625
2024-05-03,772.13,784.66,2.0947
2024-05-04,765.86,776.35,2.0945
2024-05-05,764.53,791.84,2.0715
2024-05-06,757.89,769.75,2.0769
2024-05-07,766.32,773.88,2.0776
2024-05-08,750.85,770.91,2.0749
2024-05-09,765.56,779.53,2.0759
2024-05-10,761.6,780.19,2.0687
2024-05-11,773.7,796.09,2.0953
2024-05-12,785.36,769.64,2.0513
2024-05-13,768.75,782.47,2.0457
2024-05-14,756.09,784.24,2.0713
2024-05-15,760.37,777.32,2.0612
2024-05-16,754.88,785.49,2.1139
2024-05-17,783.15,771.08,2.0464
2024-05-18,780.48,802.44,2.0686
2024-05-19,763.72,761.82,2.1046
2024-05-20,767.83,776.6,2.0703
2024-05-21,764.04,774.06,2.0422
2024-05-22,768.14,772.27,2.0582
2024-05-23,738.44,780.07,2.093
2024-05-24,763.91,765.18,2.0706
2024-05-25,770.84,795.43,2.0893
2024-05-26,772.59,775.93,2.088
2024-05-27,753.02,774.98,2.0662
2024-05-28,762.74,775.79,2.0975
2024-05-29,753.49,769.05,2.0502
2024-05-30,771.21,782.05,2.0758
2024-05-31,761.74,791.59,2.0895
2024-06-01,769.37,775.5,2.0821
2024-06-02,758.17,782.88,2.0291
2024-06-03,760.49,769.16,2.0787
2024-06-04,757.62,782.59,2.0641
2024-06-05,779.58,779.17,2.0919
2024-06-06,776.9,787.74,2.0349
2024-06-07,756.34,775.06,2.0859
2024-06-08,758.8,780.1,2.0534
2024-06-09,766.1,774.01,2.0788
2024-06-10,765.13,754.4,2.0804
2024-06-11,759.37,792.84,2.0487
2024-06-12,754.18,763.46,2.1011
2024-06-13,760.84,783.66,2.0401
2024-06-14,744.98,770.56,2.1029
2024-06-15,771.12,772.63,2.0742
2024-06-16,748.05,775.37,2.0484
2024-06-17,754.7,776.71,2.0467
2024-06-18,751.22,781.68,2.0511
2024-06-19,757.51,768.88,2.0661
2024-06-20,749.17,778.82,2.0966
2024-06-21,750.81,793.68,2.0511
2024-06-22,759.75,768.0,2.0189
2024-06-23,745.79,785.52,2.0523
2024-06-24,758.95,777.95,2.0695
2024-06-25,758.31,779.44,2.0609
2024-06-26,762.75,796.78,2.0952
2024-06-27,744.17,787.81,2.0591
2024-06-28,749.04,784.48,2.0359
2024-06-29,767.32,789.95,2.032
2024-06-30,756.91,791.28,2.0517
2024-07-01,748.38,793.97,2.0406
2024-07-02,752.65,772.87,2.0434
2024-07-03,746.64,796.06,2.0514
2024-07-04,755.82,783.02,2.0774
2024-07-05,757.13,780.93,2.0595
2024-07-06,739.16,785.27,2.0398
2024-07-07,759.11,791.84,2.075
2024-07-08,748.01,792.21,2.1019
2024-07-09,751.03,781.93,2.0541
2024-07-10,748.08,783.58,2.0792
2024-07-11,740.79,803.45,2.0448
2024-07-12,755.2,789.03,2.0487
2024-07-13,761.73,793.37,2.0643
2024-07-14,756.29,795.85,2.0447
2024-07-15,745.28,783.68,2.0568
2024-07-16,762.47,781.79,2.0391
2024-07-17,757.04,803.66,2.0714
2024-07-18,731.78,785.1,2.0107
2024-07-19,750.39,784.07,2.0975
2024-07-20,751.92,784.81,2.0155
2024-07-21,749.95,780.17,2.0226
2024-07-22,757.17,784.08,2.0449
2024-07-23,745.27,775.14,2.0689
2024-07-24,761.02,779.04,2.0425
2024-07-25,748.96,790.83,2.0427
2024-07-26,746.13,797.46,2.0309
2024-07-27,740.74,799.51,2.0545
2024-07-28,757.05,772.9,2.0547
2024-07-29,734.35,790.15,2.0961
2024-07-30,758.63,792.68,2.0812
2024-07-31,752.66,797.0,1.9929
2024-08-01,739.57,779.62,2.0422
2024-08-02,743.22,798.93,2.0627
2024-08-03,746.72,785.11,2.0729
2024-08-04,747.25,789.15,2.0396
2024-08-05,733.89,776.99,2.0519
2024-08-06,744.78,792.66,2.0721
2024-08-07,750.61,789.27,2.0375
2024-08-08,744.02,800.62,2.0713
2024-08-09,740.91,784.02,2.035
2024-08-10,735.55,788.45,2.089
2024-08-11,732.56,785.97,2.0621
2024-08-12,734.0,799.98,2.032
2024-08-13,750.83,793.6,2.045
2024-08-14,747.26,793.61,2.0653
2024-08-15,747.34,797.26,2.0914
2024-08-16,734.56,790.78,2.0677
2024-08-17,732.65,810.26,2.03
2024-08-18,743.87,777.58,2.0512
2024-08-19,732.15,798.96,2.0944
2024-08-20,737.01,797.64,2.0197
2024-08-21,748.95,792.01,2.0601
2024-08-22,745.5,785.83,2.0333
2024-08-23,737.58,790.05,2.062
2024-08-24,747.05,782.71,2.0518
2024-08-25,736.45,802.46,2.0652
2024-08-26,728.48,796.13,2.0291
2024-08-27,723.78,789.74,2.0709
2024-08-28,746.68,791.9,2.0524
2024-08-29,744.62,805.9,2.0348
2024-08-30,741.36,804.23,2.0301
2024-08-31,749.92,795.75,2.0761
2024-09-01,750.68,797.6,2.0596
2024-09-02,735.73,797.81,2.035
2024-09-03,746.76,807.84,2.0587
2024-09-04,728.79,794.47,2.0566
2024-09-05,742.68,811.28,2.0476
2024-09-06,742.88,785.51,2.0392
2024-09-07,734.22,808.29,2.0624
2024-09-08,730.11,799.46,2.0566
2024-09-09,744.64,806.43,2.0516
2024-09-10,742.38,803.19,2.0265
2024-09-11,742.92,794.71,2.0651
2024-09-12,731.86,799.88,2.0427
2024-09-13,732.68,788.56,2.0461
2024-09-14,733.92,789.29,2.0415
2024-09-15,733.02,808.11,2.0046
2024-09-16,740.9,803.79,2.0202
2024-09-17,736.18,799.84,2.0619
2024-09-18,722.9,793.44,2.0457
2024-09-19,733.49,807.68,2.0683
2024-09-20,724.72,813.17,2.0454
2024-09-21,734.96,810.04,2.038
2024-09-22,725.76,799.63,2.0363
2024-09-23,726.13,788.21,2.0618
2024-09-24,741.58,801.93,2.0561
2024-09-25,739.94,808.5,2.0857
2024-09-26,738.28,805.73,2.0107
2024-09-27,736.75,809.06,2.0706
2024-09-28,732.33,795.9,2.0384
2024-09-29,737.94,784.5,2.0394
2024-09-30,733.65,791.66,2.0198
2024-10-01,731.35,804.61,2.0266
2024-10-02,731.73,798.69,2.0712
2024-10-03,739.51,812.56,2.0589
2024-10-04,727.01,809.87,2.0338
2024-10-05,727.04,804.07,2.0318
2024-10-06,739.19,817.05,2.0186
2024-10-07,748.05,809.19,2.039
2024-10-08,732.88,801.37,2.0534
2024-10-09,743.18,819.57,2.0213
2024-10-10,726.76,814.87,2.0673
2024-10-11,728.57,800.04,2.0321
2024-10-12,724.76,802.58,2.0298
2024-10-13,723.39,805.73,2.0323
2024-10-14,735.75,807.39,2.054
2024-10-15,727.38,810.1,2.0574
2024-10-16,726.43,801.05,2.0248
2024-10-17,733.0,800.77,2.0221
2024-10-18,725.1,796.75,2.0251
2024-10-19,729.26,817.24,2.0341
2024-10-20,720.69,819.11,2.0198
2024-10-21,738.24,805.28,2.0626
2024-10-22,726.55,818.69,2.0599
2024-10-23,725.8,814.93,1.9997
2024-10-24,730.05,804.99,2.0705
2024-10-25,738.77,795.0,2.059
2024-10-26,726.42,807.07,2.0563
2024-10-27,728.2,796.05,2.0523
2024-10-28,733.24,810.98,2.0287
2024-10-29,733.35,810.39,2.0183
2024-10-30,725.61,798.95,2.04
2024-10-31,725.65,807.03,2.0316
2024-11-01,719.41,807.54,2.0391
2024-11-02,726.79,808.33,2.031
2024-11-03,730.77,813.64,2.0516
2024-11-04,726.78,815.7,2.0041
2024-11-05,731.67,806.65,2.0266
2024-11-06,724.14,788.25,2.0185
2024-11-07,723.62,805.27,2.0222
2024-11-08,734.11,802.98,2.0391
2024-11-09,722.79,808.85,2.0032
2024-11-10,727.44,806.97,2.0154
2024-11-11,726.19,824.06,2.0133
2024-11-12,715.01,805.08,2.0584
2024-11-13,722.22,815.99,2.0262
2024-11-14,716.41,819.38,2.0524
2024-11-15,733.48,798.31,2.0591
2024-11-16,715.66,805.19,2.0818
2024-11-17,709.63,819.9,2.0262
2024-11-18,716.33,814.22,2.0183
2024-11-19,716.87,805.8,2.0608
2024-11-20,712.72,805.62,2.0524
2024-11-21,709.43,808.84,2.0249
2024-11-22,711.48,805.54,2.0271
2024-11-23,722.24,823.21,2.0375
2024-11-24,714.22,819.43,2.0483
2024-11-25,707.47,819.37,2.0167
2024-11-26,714.89,821.21,2.0246
2024-11-27,725.87,800.31,2.037
2024-11-28,721.02,810.21,2.0339
2024-11-29,706.81,813.89,1.9876
2024-11-30,708.08,835.48,2.0352
2024-12-01,721.7,800.67,2.0694
2024-12-02,720.71,814.64,1.9999
2024-12-03,724.79,813.79,2.0532
2024-12-04,724.11,818.73,2.0601
2024-12-05,734.4,794.36,1.995
2024-12-06,702.28,826.87,2.0323
2024-12-07,713.27,820.12,2.0164
2024-12-08,726.3,823.23,1.993
2024-12-09,720.5,808.32,2.027
2024-12-10,718.16,825.34,2.0518
2024-12-11,709.57,819.43,2.0157
2024-12-12,719.1,816.33,2.0386
2024-12-13,726.64,814.56,2.006
2024-12-14,710.18,815.84,1.9717
2024-12-15,717.15,829.44,2.0455
2024-12-16,727.25,818.67,2.0454
2024-12-17,719.72,814.9,1.9974
2024-12-18,701.23,832.42,2.005
2024-12-19,714.77,799.48,2.0298
2024-12-20,708.31,828.17,2.0412
2024-12-21,701.91,823.96,2.024
2024-12-22,722.4,817.49,2.047
2024-12-23,714.3,812.63,1.979
2024-12-24,701.14,812.68,2.0062
2024-12-25,723.89,825.16,2.0536
2024-12-26,728.35,828.66,2.008
2024-12-27,711.89,823.82,2.0136
2024-12-28,719.41,823.44,2.0276
2024-12-29,712.75,820.58,2.0228
2024-12-30,709.94,820.95,2.0183
2024-12-31,713.09,824.77,2.0086
2025-01-01,699.67,815.26,2.0438
2025-01-02,718.26,821.89,2.0009
2025-01-03,706.81,818.01,2.0285
2025-01-04,711.81,837.83,2.0011
2025-01-05,725.32,819.88,2.0148
2025-01-06,725.63,813.3,2.06
2025-01-07,719.22,822.45,2.0332
2025-01-08,718.32,834.84,2.033
2025-01-09,718.36,834.07,2.051
2025-01-10,723.08,837.87,2.043
2025-01-11,711.57,825.16,2.0468
2025-01-12,714.51,820.77,2.0589
2025-01-13,715.04,824.38,2.0492
2025-01-14,722.65,832.92,2.0596
2025-01-15,714.4,830.11,2.0486
2025-01-16,724.02,842.06,2.0643
2025-01-17,721.05,845.01,2.0613
2025-01-18,727.93,829.57,2.0414
2025-01-19,734.15,826.76,2.0982
2025-01-20,731.97,831.17,2.0672
2025-01-21,750.92,843.21,2.048
2025-01-22,732.06,830.81,2.0769
2025-01-23,743.02,839.37,2.0509
2025-01-24,735.93,852.1,2.0653
2025-01-25,731.98,833.38,2.0898
2025-01-26,722.46,846.76,2.0848
2025-01-27,738.4,833.35,2.0954
2025-01-28,737.18,840.7,2.1218
2025-01-29,736.52,840.13,2.0882
2025-01-30,741.1,841.43,2.1063
2025-01-31,735.13,821.72,2.1294
2025-02-01,742.33,825.99,2.1395
2025-02-02,727.97,836.8,2.115
2025-02-03,739.41,847.48,2.1579
2025-02-04,754.59,849.23,2.1149
2025-02-05,747.88,843.91,2.1463
2025-02-06,747.43,840.2,2.1255
2025-02-07,757.88,839.66,2.1295
2025-02-08,742.17,846.55,2.1336
2025-02-09,745.48,843.98,2.1289
2025-02-10,763.64,841.52,2.1578
2025-02-11,759.6,864.55,2.1335
2025-02-12,754.69,841.72,2.1604
2025-02-13,744.99,846.46,2.1511
2025-02-14,754.76,850.6,2.1654
2025-02-15,763.2,851.51,2.1586
2025-02-16,768.86,853.23,2.1694
2025-02-17,766.53,845.37,2.1895
2025-02-18,762.76,861.97,2.1987
2025-02-19,773.18,850.66,2.168
2025-02-20,753.37,854.43,2.1586
2025-02-21,768.17,859.88,2.1826
2025-02-22,776.29,856.94,2.1873
2025-02-23,763.95,862.07,2.1925
2025-02-24,779.19,851.05,2.187
2025-02-25,750.37,869.53,2.1596
2025-02-26,772.29,837.74,2.1389
2025-02-27,776.78,858.26,2.2004
2025-02-28,768.65,865.72,2.1901
2025-03-01,786.81,872.34,2.1827
2025-03-02,779.62,848.47,2.2105
2025-03-03,778.8,871.97,2.2149
2025-03-04,772.48,868.54,2.2199
2025-03-05,784.47,882.66,2.2004
2025-03-06,774.15,863.45,2.2144
2025-03-07,775.68,865.94,2.22
2025-03-08,786.32,863.05,2.2203
2025-03-09,793.51,873.05,2.216
2025-03-10,780.58,882.07,2.2593
2025-03-11,791.73,866.27,2.2351
2025-03-12,787.24,887.92,2.276
2025-03-13,778.54,866.79,2.2328
2025-03-14,784.0,868.94,2.2476
2025-03-15,790.15,871.65,2.2391
2025-03-16,787.45,870.21,2.2204
2025-03-17,796.72,878.97,2.2038
2025-03-18,785.04,872.75,2.2638
2025-03-19,799.93,870.0,2.2454
2025-03-20,789.99,881.31,2.2408
2025-03-21,795.54,896.88,2.3238
2025-03-22,798.87,891.21,2.2973
2025-03-23,789.16,881.16,2.2802
2025-03-24,793.04,887.75,2.3108
2025-03-25,795.54,876.14,2.2714
2025-03-26,803.53,877.42,2.2563
2025-03-27,808.09,870.33,2.2801
2025-03-28,808.24,864.17,2.2452
2025-03-29,798.43,886.42,2.2968
2025-03-30,787.17,883.06,2.2577
2025-03-31,801.32,884.31,2.3433
2025-04-01,795.76,868.9,2.314
2025-04-02,808.61,890.32,2.2981
2025-04-03,816.96,873.79,2.2942
2025-04-04,809.5,881.19,2.322
2025-04-05,803.13,897.22,2.3141
2025-04-06,815.39,891.96,2.3188
2025-04-07,811.13,882.03,2.3251
2025-04-08,807.03,891.47,2.3117
2025-04-09,820.96,893.17,2.2841
2025-04-10,816.48,895.63,2.2916
2025-04-11,832.57,879.06,2.3465
2025-04-12,811.14,904.22,2.3724
2025-04-13,811.01,890.37,2.3616
2025-04-14,829.75,906.92,2.3042
2025-04-15,812.12,906.98,2.3386
2025-04-16,816.29,902.47,2.3249
2025-04-17,813.28,898.48,2.3772
2025-04-18,827.28,894.49,2.3566
2025-04-19,840.42,895.41,2.3215
2025-04-20,815.32,910.87,2.3508
2025-04-21,826.83,896.95,2.3277
2025-04-22,831.55,893.25,2.3629
2025-04-23,838.45,900.53,2.358
2025-04-24,820.25,909.27,2.3612
2025-04-25,820.38,899.43,2.3927
2025-04-26,855.78,918.9,2.3445
2025-04-27,841.76,892.87,2.4219
2025-04-28,836.43,902.15,2.3322
2025-04-29,832.29,905.29,2.3639
2025-04-30,843.4,899.39,2.3525
2025-05-01,844.44,901.28,2.3986
2025-05-02,852.94,922.22,2.3907
2025-05-03,849.27,908.16,2.4079
2025-05-04,849.53,910.45,2.3972
2025-05-05,829.71,907.0,2.4076
2025-05-06,850.7,899.25,2.429
2025-05-07,845.72,928.83,2.3889
2025-05-08,835.83,907.68,2.4439
2025-05-09,849.95,911.82,2.4339
2025-05-10,849.35,909.99,2.4332
2025-05-11,845.4,927.43,2.382
2025-05-12,847.93,916.59,2.4446
2025-05-13,856.66,909.94,2.3942
2025-05-14,840.59,919.58,2.4201
2025-05-15,868.82,912.89,2.3861
2025-05-16,851.78,921.9,2.4607
2025-05-17,846.99,922.31,2.431
2025-05-18,865.34,917.1,2.4743
2025-05-19,849.11,906.27,2.4199
2025-05-20,860.59,921.37,2.4283
2025-05-21,862.11,930.42,2.4505
2025-05-22,869.11,930.03,2.4264
2025-05-23,862.01,919.17,2.4684
2025-05-24,866.26,921.35,2.4564
2025-05-25,872.93,938.25,2.4488
2025-05-26,859.76,923.12,2.4741
2025-05-27,869.0,941.94,2.4876
2025-05-28,869.62,919.75,2.435
2025-05-29,863.23,930.13,2.5159
2025-05-30,892.25,939.02,2.4804
2025-05-31,881.09,930.4,2.4408
2025-06-01,867.11,930.46,2.5062
2025-06-02,879.17,940.8,2.4733
2025-06-03,871.23,906.91,2.4936
2025-06-04,886.25,944.86,2.5206
2025-06-05,883.46,930.66,2.4928
2025-06-06,891.83,935.06,2.5356
2025-06-07,873.7,942.74,2.5137
2025-06-08,886.89,934.95,2.5081
2025-06-09,890.0,939.63,2.4961
2025-06-10,891.44,940.01,2.4616
2025-06-11,890.14,936.96,2.4956
2025-06-12,889.57,946.91,2.5362
2025-06-13,887.86,933.16,2.5153
2025-06-14,888.76,954.75,2.5711
2025-06-15,887.3,935.51,2.5638
2025-06-16,896.63,933.98,2.5359
2025-06-17,899.59,937.37,2.5273
2025-06-18,892.63,957.87,2.524
2025-06-19,893.64,950.7,2.5148
2025-06-20,886.9,953.17,2.5435
2025-06-21,888.55,940.86,2.5328
2025-06-22,889.72,949.64,2.5645
2025-06-23,895.61,954.09,2.5743
2025-06-24,897.78,958.65,2.5602
2025-06-25,905.89,968.91,2.5762
2025-06-26,894.96,946.52,2.529
2025-06-27,907.45,946.24,2.5698
2025-06-28,906.73,962.95,2.5749
2025-06-29,919.22,956.43,2.5717
2025-06-30,903.95,949.11,2.532
2025-07-01,909.14,963.23,2.6287
2025-07-02,904.64,959.02,2.6086
2025-07-03,908.73,979.0,2.603
2025-07-04,921.68,949.28,2.5647
2025-07-05,915.89,957.75,2.5972
2025-07-06,913.89,963.99,2.6114
2025-07-07,925.77,951.16,2.6007
2025-07-08,939.09,959.73,2.6047
2025-07-09,910.6,962.62,2.6219
2025-07-10,914.55,966.32,2.5804
2025-07-11,917.54,950.11,2.6081
2025-07-12,911.05,950.64,2.6486
2025-07-13,913.07,976.98,2.5567
2025-07-14,912.23,972.15,2.5891
2025-07-15,925.7,973.95,2.6201
2025-07-16,935.9,970.99,2.5985
2025-07-17,941.01,954.76,2.6295
2025-07-18,936.56,961.75,2.6482
2025-07-19,924.82,957.88,2.6353
2025-07-20,929.17,972.92,2.6023
2025-07-21,929.06,975.96,2.6405
2025-07-22,927.67,956.95,2.6937
2025-07-23,918.58,969.38,2.6456
2025-07-24,913.72,968.21,2.639
2025-07-25,925.48,963.83,2.6483
2025-07-26,930.56,987.7,2.6427
2025-07-27,942.48,989.31,2.6653
2025-07-28,934.67,984.64,2.6863
2025-07-29,940.26,955.07,2.6456
2025-07-30,937.22,967.66,2.6733
2025-07-31,938.66,969.26,2.6903
2025-08-01,931.59,979.46,2.6563
2025-08-02,936.93,970.31,2.7065
2025-08-03,927.64,987.03,2.7072
2025-08-04,962.33,967.2,2.72
2025-08-05,940.44,964.04,2.7009
2025-08-06,952.59,989.15,2.7206
2025-08-07,937.49,963.82,2.6978
2025-08-08,940.19,987.9,2.6694
2025-08-09,949.35,997.2,2.7977
2025-08-10,944.79,972.41,2.7007
2025-08-11,952.76,978.89,2.6949
2025-08-12,964.75,964.88,2.6784
2025-08-13,958.37,1004.22,2.7199
2025-08-14,958.29,994.24,2.6387
2025-08-15,948.56,988.99,2.7302
2025-08-16,937.74,978.12,2.7103
2025-08-17,957.77,992.25,2.7157
2025-08-18,972.63,989.68,2.7093
2025-08-19,964.0,978.32,2.7368
2025-08-20,958.88,1003.57,2.7589
2025-08-21,949.71,996.03,2.7587
2025-08-22,951.96,967.16,2.7738
2025-08-23,973.76,1013.75,2.7279
2025-08-24,954.45,983.63,2.7434
2025-08-25,957.78,1005.96,2.7714
2025-08-26,965.44,992.38,2.7197
2025-08-27,962.16,1007.01,2.7791
2025-08-28,981.33,1008.92,2.7386
2025-08-29,977.39,993.1,2.7505
2025-08-30,955.38,1003.93,2.788
2025-08-31,988.83,990.8,2.7825
2025-09-01,969.59,1023.87,2.7837
2025-09-02,981.94,992.97,2.7514
2025-09-03,949.84,1003.62,2.7905
2025-09-04,978.71,1008.84,2.8137
2025-09-05,984.1,1002.05,2.8328
2025-09-06,986.08,1007.26,2.7649
2025-09-07,976.76,1006.14,2.7489
2025-09-08,980.4,1018.78,2.7694
2025-09-09,988.83,1022.03,2.811
2025-09-10,991.97,1003.24,2.8085
2025-09-11,985.65,1010.67,2.8106
2025-09-12,971.67,1013.23,2.8084
2025-09-13,969.63,1005.54,2.8204
2025-09-14,983.6,1009.52,2.8214
2025-09-15,979.04,1007.95,2.7992
2025-09-16,995.21,1022.11,2.7814
2025-09-17,975.86,1013.9,2.8024
2025-09-18,989.71,1017.84,2.8766
2025-09-19,988.22,1000.69,2.851
2025-09-20,1001.01,1003.57,2.8906
2025-09-21,1004.06,1016.46,2.8503
2025-09-22,992.11,1002.2,2.8558
2025-09-23,994.91,1005.38,2.8707
2025-09-24,979.64,1018.23,2.7866
2025-09-25,998.52,1038.52,2.8734
2025-09-26,981.22,1014.22,2.8279
2025-09-27,995.07,1008.22,2.8256
2025-09-28,999.45,1026.46,2.8368
2025-09-29,996.87,1029.61,2.8821
2025-09-30,1009.07,1035.08,2.8302
2025-10-01,1010.69,1037.04,2.8131
2025-10-02,1002.96,998.95,2.8983
2025-10-03,1002.32,1011.14,2.864
2025-10-04,1007.61,1035.04,2.8372
2025-10-05,1017.69,1032.28,2.8964
2025-10-06,1002.45,1028.96,2.8167
2025-10-07,1020.48,1020.55,2.8313
2025-10-08,1003.7,1033.33,2.8647
2025-10-09,1015.17,1030.95,2.8647
2025-10-10,1044.55,1015.62,2.8669
2025-10-11,1008.55,1029.88,2.9417
2025-10-12,1009.93,1040.09,2.9268
2025-10-13,1025.8,1038.47,2.8401
2025-10-14,1014.79,1028.29,2.9266
2025-10-15,1003.34,1019.84,2.8852
2025-10-16,1030.72,1026.53,2.9023
2025-10-17,1027.62,1038.26,2.9053
2025-10-18,1029.72,1038.5,2.9049
2025-10-19,1013.33,1032.95,2.9725
2025-10-20,1029.57,1041.26,2.8967
2025-10-21,1002.58,1028.76,2.9739
2025-10-22,1037.06,1027.9,2.9656
2025-10-23,1020.07,1043.47,2.9256
2025-10-24,1034.74,1049.81,2.9257
2025-10-25,1030.3,1030.17,2.9331
2025-10-26,1043.24,1043.98,2.9995
2025-10-27,1031.25,1034.56,2.9596
2025-10-28,1040.57,1039.52,3.0029
2025-10-29,1035.53,1036.16,2.9463
2025-10-30,1046.54,1047.35,2.9468
2025-10-31,1037.57,1023.56,2.8536
2025-11-01,1052.51,1048.99,2.9372
2025-11-02,1047.06,1049.6,2.9671
2025-11-03,1032.29,1046.59,3.0022
2025-11-04,1052.23,1053.14,2.9688
2025-11-05,1053.78,1042.86,3.0271
2025-11-06,1037.44,1045.24,3.0131
2025-11-07,1041.48,1053.79,3.0222
2025-11-08,1048.12,1057.95,3.0149
2025-11-09,1031.02,1044.92,3.0161
2025-11-10,1064.94,1044.6,3.013
2025-11-11,1042.77,1049.86,2.9559
2025-11-12,1055.17,1059.46,3.0163
2025-11-13,1068.36,1050.8,2.9598
2025-11-14,1048.12,1043.38,2.9983
2025-11-15,1068.5,1057.56,3.0219
2025-11-16,1055.8,1070.9,3.0349
2025-11-17,1062.0,1064.21,3.0366
2025-11-18,1064.83,1052.73,3.0666
2025-11-19,1056.01,1054.5,3.0841
2025-11-20,1077.05,1075.1,3.0415
2025-11-21,1040.98,1043.22,2.9923
2025-11-22,1054.15,1048.18,3.0167
2025-11-23,1064.78,1052.98,3.0058
2025-11-24,1072.13,1069.4,3.0368
2025-11-25,1082.07,1063.96,2.9987
2025-11-26,1063.01,1042.24,3.0779
2025-11-27,1049.64,1057.12,3.0216
2025-11-28,1048.81,1050.88,3.0668
2025-11-29,1066.97,1065.76,3.0641
2025-11-30,1054.19,1059.5,3.0545
2025-12-01,1077.32,1068.3,3.0874
2025-12-02,1051.58,1074.06,3.0722
2025-12-03,1087.89,1071.09,3.0308
2025-12-04,1030.73,1067.01,3.0877
2025-12-05,1093.03,1076.04,3.0547
2025-12-06,1081.68,1076.18,3.0453
2025-12-07,1077.88,1088.75,3.0612
2025-12-08,1071.87,1061.95,3.0794
2025-12-09,1060.55,1061.63,3.081
2025-12-10,1082.13,1089.62,3.0985
2025-12-11,1083.69,1077.82,3.0703
2025-12-12,1082.25,1077.21,3.054
2025-12-13,1067.58,1084.66,3.1232
2025-12-14,1101.31,1074.15,3.1063
2025-12-15,1114.31,1071.47,3.0742
2025-12-16,1100.78,1087.73,3.1327
2025-12-17,1083.59,1093.66,3.1111
2025-12-18,1091.28,1088.0,3.1768
2025-12-19,1109.62,1073.48,3.1201
2025-12-20,1089.38,1076.93,3.0585
2025-12-21,1096.88,1066.22,3.111
2025-12-22,1101.42,1093.69,3.0437
2025-12-23,1089.15,1087.76,3.1487
2025-12-24,1121.74,1087.12,3.1268
2025-12-25,1087.01,1078.23,3.1217
2025-12-26,1083.61,1072.94,3.1242
2025-12-27,1096.5,1070.09,3.153
2025-12-28,1107.98,1091.16,3.1513
2025-12-29,1133.7,1095.84,3.1488
2025-12-30,1092.5,1079.02,3.1361
2025-12-31,1110.71,1086.06,3.166
2026-01-01,1094.99,1099.65,3.1079
2026-01-02,1100.51,1107.21,3.1715
2026-01-03,1119.77,1080.22,3.1905
2026-01-04,1110.12,1090.13,3.1408
2026-01-05,1096.94,1105.72,3.1377
2026-01-06,1107.96,1091.7,3.1742
2026-01-07,1136.03,1086.8,3.2472
2026-01-08,1122.14,1113.72,3.1525
2026-01-09,1113.63,1102.29,3.1419
2026-01-10,1110.58,1095.76,3.1535
2026-01-11,1115.5,1075.62,3.1636
2026-01-12,1114.37,1093.2,3.2258
2026-01-13,1144.83,1092.45,3.1719
2026-01-14,1120.56,1090.8,3.2093
2026-01-15,1114.17,1088.05,3.2185
2026-01-16,1135.52,1085.48,3.2119
2026-01-17,1107.41,1085.77,3.2329
2026-01-18,1115.65,1103.17,3.1815
2026-01-19,1132.83,1131.5,3.2129
2026-01-20,1117.5,1095.28,3.2352
2026-01-21,1122.32,1102.26,3.161
2026-01-22,1132.8,1097.47,3.2383
2026-01-23,1140.67,1107.68,3.2097
2026-01-24,1132.67,1098.83,3.156
2026-01-25,1138.6,1085.2,3.1675
2026-01-26,1122.05,1106.36,3.2517
2026-01-27,1130.94,1110.51,3.1915
2026-01-28,1129.97,1113.85,3.2321
2026-01-29,1129.77,1115.78,3.2251
2026-01-30,1144.55,1115.64,3.22
2026-01-31,1131.83,1084.92,3.2374
2026-02-01,1137.94,1117.45,3.2134
2026-02-02,1139.65,1099.51,3.2237
2026-02-03,1136.89,1116.22,3.2695
2026-02-04,1160.77,1126.96,3.2853
2026-02-05,1149.2,1128.11,3.2454
2026-02-06,1140.43,1110.04,3.2379
2026-02-07,1139.31,1117.64,3.2634
2026-02-08,1128.3,1114.66,3.3237
2026-02-09,1171.03,1112.84,3.2911
2026-02-10,1168.69,1104.36,3.2493
2026-02-11,1148.56,1108.5,3.2875
2026-02-12,1169.39,1112.0,3.2269
2026-02-13,1149.67,1117.52,3.2522
2026-02-14,1157.15,1113.83,3.2723
2026-02-15,1165.25,1114.47,3.2743
2026-02-16,1148.14,1104.52,3.3008
2026-02-17,1167.9,1140.69,3.3165
2026-02-18,1146.65,1123.71,3.3154
2026-02-19,1173.6,1121.93,3.231
2026-02-20,1149.2,1136.39,3.2817
2026-02-21,1162.86,1117.15,3.304
2026-02-22,1153.85,1109.51,3.2976
2026-02-23,1169.36,1108.51,3.3623
2026-02-24,1162.54,1119.19,3.329
2026-02-25,1184.8,1116.89,3.3496
2026-02-26,1171.36,1143.93,3.3375
2026-02-27,1164.16,1149.27,3.3127
2026-02-28,1167.92,1127.15,3.2887
2026-03-01,1152.19,1117.01,3.3308
2026-03-02,1174.93,1141.42,3.3446
2026-03-03,1170.4,1131.9,3.3197
2026-03-04,1170.32,1135.64,3.3339
2026-03-05,1186.07,1132.57,3.3701
2026-03-06,1179.3,1144.6,3.3898
2026-03-07,1184.56,1135.25,3.2758
2026-03-08,1163.53,1131.06,3.3333
2026-03-09,1162.86,1132.51,3.3336
2026-03-10,1160.3,1125.23,3.323
2026-03-11,1178.61,1122.61,3.3892
2026-03-12,1199.68,1128.81,3.3736
2026-03-13,1170.16,1129.23,3.347
2026-03-14,1153.45,1141.39,3.3231
2026-03-15,1179.42,1154.3,3.36
2026-03-16,1191.85,1154.55,3.35
2026-03-17,1187.29,1138.95,3.4497
2026-03-18,1173.43,1150.31,3.4374
2026-03-19,1182.31,1133.53,3.3667
2026-03-20,1169.88,1154.86,3.4198
2026-03-21,1194.65,1124.57,3.3908
2026-03-22,1190.4,1144.14,3.4153
2026-03-23,1190.44,1148.53,3.3916
2026-03-24,1203.8,1119.67,3.3929
2026-03-25,1180.48,1154.91,3.393
2026-03-26,1207.81,1144.82,3.438
2026-03-27,1204.92,1152.85,3.4607
2026-03-28,1181.65,1150.33,3.4089
2026-03-29,1196.47,1155.46,3.4183
2026-03-30,1214.96,1147.36,3.4501
2026-03-31,1204.38,1150.38,3.4225
2026-04-01,1226.03,1150.01,3.4415
2026-04-02,1216.5,1151.77,3.3574
2026-04-03,1211.62,1154.03,3.4507
2026-04-04,1210.33,1157.49,3.414
2026-04-05,1213.65,1144.2,3.4552
2026-04-06,1217.36,1183.38,3.409
2026-04-07,1209.81,1151.94,3.4747
2026-04-08,1189.06,1167.73,3.4496
2026-04-09,1211.95,1170.27,3.4648
2026-04-10,1210.21,1173.95,3.4518
2026-04-11,1221.01,1176.09,3.4807
2026-04-12,1235.61,1175.91,3.3968
2026-04-13,1227.82,1143.31,3.4743
2026-04-14,1239.33,1153.04,3.4754
2026-04-15,1215.54,1161.32,3.4463
2026-04-16,1218.86,1165.28,3.4701
2026-04-17,1235.7,1188.28,3.4729
2026-04-18,1244.99,1182.12,3.4895
2026-04-19,1215.21,1168.77,3.4402
2026-04-20,1227.45,1158.96,3.4735
2026-04-21,1210.27,1153.42,3.4674
2026-04-22,1250.16,1181.28,3.5231
2026-04-23,1241.4,1196.96,3.5056
2026-04-24,1232.65,1174.59,3.5173
2026-04-25,1231.96,1157.09,3.4909
2026-04-26,1234.52,1170.51,3.4815
2026-04-27,1220.98,1191.31,3.462
2026-04-28,1242.79,1201.76,3.5187
2026-04-29,1223.87,1179.71,3.5861
2026-04-30,1254.58,1193.88,3.49
2026-05-01,1239.02,1164.63,3.4973
2026-05-02,1217.11,1165.78,3.4644
2026-05-03,1243.42,1159.7,3.5037
2026-05-04,1231.62,1179.02,3.5232
2026-05-05,1233.25,1180.423,3.6676
2026-05-06,1206.5,,3.5907
2026-05-07,1128.0,1099.23,3.4616
2026-05-08,1153.25,1097.762,3.4952
2026-05-09,,1109.067,
2026-05-10,,1109.067,
