Date,Margin,Short
2019-01-02,7394954.0,590252.0
2019-01-03,7359773.0,590814.0
2019-01-04,7279580.0,576709.0
2019-01-07,7297059.0,560324.0
2019-01-08,7299390.0,558853.0
2019-01-09,7243011.0,551994.0
2019-01-10,7250085.0,550021.0
2019-01-11,7238540.0,551222.0
2019-01-14,7284438.0,555440.0
2019-01-15,7257295.0,568297.0
2019-01-16,7235452.0,559353.0
2019-01-17,7211463.0,562280.0
2019-01-18,7184486.0,570383.0
2019-01-21,7150792.0,574392.0
2019-01-22,7165934.0,571399.0
2019-01-23,7117470.0,567255.0
2019-01-24,7105684.0,553739.0
2019-01-25,7032123.0,549596.0
2019-01-28,7002004.0,534021.0
2019-01-29,6962136.0,509656.0
2019-01-30,6853342.0,500894.0
2019-02-11,6819601.0,537433.0
2019-02-12,6916041.0,554043.0
2019-02-13,6952722.0,536713.0
2019-02-14,6942348.0,530044.0
2019-02-15,6963656.0,519962.0
2019-02-18,6980925.0,531668.0
2019-02-19,6996155.0,543557.0
2019-02-20,7040101.0,549753.0
2019-02-21,7075996.0,562604.0
2019-02-22,7104296.0,536243.0
2019-02-25,7019393.0,556733.0
2019-02-26,7007986.0,561087.0
2019-02-27,7025442.0,558819.0
2019-03-04,7059919.0,597049.0
2019-03-05,7131247.0,585502.0
2019-03-06,7125917.0,587879.0
2019-03-07,7092405.0,585205.0
2019-03-08,7081796.0,564443.0
2019-03-11,7111803.0,563475.0
2019-03-12,7145813.0,589948.0
2019-03-13,7180775.0,615764.0
2019-03-14,7185305.0,625387.0
2019-03-15,7191596.0,630761.0
2019-03-18,7177296.0,644242.0
2019-03-19,7196120.0,630672.0
2019-03-20,7244460.0,633493.0
2019-03-21,7284007.0,637051.0
2019-03-22,7298311.0,617894.0
2019-03-25,7269981.0,600196.0
2019-03-26,7308345.0,573728.0
2019-03-27,7366462.0,580255.0
2019-03-28,7353589.0,577309.0
2019-03-29,7327662.0,573002.0
2019-04-01,7327981.0,573691.0
2019-04-02,7339077.0,570209.0
2019-04-03,7329775.0,572778.0
2019-04-08,7349749.0,569850.0
2019-04-09,7290854.0,544024.0
2019-04-10,7296108.0,412090.0
2019-04-11,7354771.0,400640.0
2019-04-12,7379346.0,426337.0
2019-04-15,7427179.0,488516.0
2019-04-16,7427446.0,531311.0
2019-04-17,7476175.0,573911.0
2019-04-18,7460994.0,618341.0
2019-04-19,7483245.0,656379.0
2019-04-22,7544665.0,662315.0
2019-04-23,7530983.0,693449.0
2019-04-24,7551059.0,704808.0
2019-04-25,7568871.0,709485.0
2019-04-26,7521183.0,700993.0
2019-04-29,7447630.0,697763.0
2019-04-30,7458421.0,704827.0
2019-05-02,7469932.0,664957.0
2019-05-03,7478714.0,633830.0
2019-05-06,7337217.0,496639.0
2019-05-07,7330908.0,472271.0
2019-05-08,7256332.0,369359.0
2019-05-09,7186840.0,346895.0
2019-05-10,7115759.0,353296.0
2019-05-13,7075639.0,339015.0
2019-05-14,6994908.0,325591.0
2019-05-15,7012074.0,335954.0
2019-05-16,7048899.0,351696.0
2019-05-17,7088173.0,357804.0
2019-05-20,7082215.0,357894.0
2019-05-21,7044224.0,350103.0
2019-05-22,7070849.0,360318.0
2019-05-23,7099884.0,360219.0
2019-05-24,7086508.0,356878.0
2019-05-27,7101459.0,364118.0
2019-05-28,7063654.0,376481.0
2019-05-29,7068113.0,368350.0
2019-05-30,7095137.0,362217.0
2019-05-31,7052940.0,360663.0
2019-06-03,7078383.0,377062.0
2019-06-04,7090466.0,378435.0
2019-06-05,7099685.0,379961.0
2019-06-06,7126284.0,382162.0
2019-06-10,7098995.0,383970.0
2019-06-11,7080664.0,386451.0
2019-06-12,7108271.0,376419.0
2019-06-13,7143052.0,389582.0
2019-06-14,7137297.0,384068.0
2019-06-17,7167978.0,377297.0
2019-06-18,7158342.0,389155.0
2019-06-19,7119979.0,390429.0
2019-06-20,7131020.0,433756.0
2019-06-21,7135871.0,443038.0
2019-06-24,7131933.0,457828.0
2019-06-25,7177275.0,447517.0
2019-06-26,7155251.0,450785.0
2019-06-27,7120966.0,456823.0
2019-06-28,7155286.0,464896.0
2019-07-01,7129550.0,517449.0
2019-07-02,7172027.0,560717.0
2019-07-03,7197922.0,604232.0
2019-07-04,7250291.0,625672.0
2019-07-05,7242283.0,638156.0
2019-07-08,7298128.0,639263.0
2019-07-09,7311161.0,651129.0
2019-07-10,7334093.0,659128.0
2019-07-11,7321767.0,666976.0
2019-07-12,7346657.0,678208.0
2019-07-15,7363033.0,688627.0
2019-07-16,7361077.0,692097.0
2019-07-17,7378478.0,702405.0
2019-07-18,7412569.0,711260.0
2019-07-19,7418667.0,722976.0
2019-07-22,7442183.0,731717.0
2019-07-23,7485472.0,731013.0
2019-07-24,7444144.0,713745.0
2019-07-25,7471269.0,726906.0
2019-07-26,7456307.0,737097.0
2019-07-29,7461610.0,738343.0
2019-07-30,7384527.0,732519.0
2019-07-31,7416665.0,730780.0
2019-08-01,7451801.0,711134.0
2019-08-02,7356242.0,648570.0
2019-08-05,7288657.0,588180.0
2019-08-06,7096101.0,511520.0
2019-08-07,7147816.0,454864.0
2019-08-08,7165389.0,444177.0
2019-08-12,7173681.0,441999.0
2019-08-13,7167139.0,421628.0
2019-08-14,7178014.0,428810.0
2019-08-15,7083734.0,438463.0
2019-08-16,7087471.0,443812.0
2019-08-19,7122797.0,446594.0
2019-08-20,7157130.0,459094.0
2019-08-21,7205382.0,489364.0
2019-08-22,7247751.0,498806.0
2019-08-23,7251829.0,492964.0
2019-08-26,7215906.0,444623.0
2019-08-27,7237397.0,449895.0
2019-08-28,7270407.0,439580.0
2019-08-29,7293302.0,449236.0
2019-08-30,7237500.0,454588.0
2019-09-02,7248454.0,464079.0
2019-09-03,7273533.0,460209.0
2019-09-04,7265533.0,469692.0
2019-09-05,7204415.0,499407.0
2019-09-06,7254193.0,491135.0
2019-09-09,7266302.0,519755.0
2019-09-10,7272151.0,538420.0
2019-09-11,7267246.0,589288.0
2019-09-12,7302502.0,626225.0
2019-09-16,7303502.0,658540.0
2019-09-17,7314369.0,691280.0
2019-09-18,7335399.0,701651.0
2019-09-19,7272231.0,738775.0
2019-09-20,7272087.0,764422.0
2019-09-23,7348033.0,777762.0
2019-09-24,7333497.0,785937.0
2019-09-25,7328490.0,792834.0
2019-09-26,7340606.0,791965.0
2019-09-27,7323626.0,783467.0
2019-10-01,7397388.0,815305.0
2019-10-02,7473200.0,797405.0
2019-10-03,7495748.0,650927.0
2019-10-04,7542057.0,676592.0
2019-10-07,7593241.0,691711.0
2019-10-08,7563759.0,694314.0
2019-10-09,7550549.0,661883.0
2019-10-14,7489186.0,659505.0
2019-10-15,7548870.0,726846.0
2019-10-16,7577754.0,762054.0
2019-10-17,7591841.0,776084.0
2019-10-18,7595198.0,781347.0
2019-10-21,7623493.0,781101.0
2019-10-22,7642221.0,808842.0
2019-10-23,7620441.0,808672.0
2019-10-24,7579201.0,825367.0
2019-10-25,7551494.0,825603.0
2019-10-28,7546271.0,816586.0
2019-10-29,7539171.0,814532.0
2019-10-30,7566103.0,817095.0
2019-10-31,7562622.0,818473.0
2019-11-01,7558475.0,823179.0
2019-11-04,7536431.0,832697.0
2019-11-05,7506025.0,848337.0
2019-11-06,7488610.0,860991.0
2019-11-07,7499322.0,850173.0
2019-11-08,7498351.0,852919.0
2019-11-11,7469237.0,846016.0
2019-11-12,7497382.0,848583.0
2019-11-13,7512943.0,844953.0
2019-11-14,7485571.0,850449.0
2019-11-15,7472173.0,853759.0
2019-11-18,7413920.0,822851.0
2019-11-19,7293032.0,757610.0
2019-11-20,7304940.0,731407.0
2019-11-21,7294774.0,733149.0
2019-11-22,7310114.0,751830.0
2019-11-25,7323116.0,758515.0
2019-11-26,7319096.0,756916.0
2019-11-27,7342806.0,730307.0
2019-11-28,7389590.0,711986.0
2019-11-29,7382148.0,722719.0
2019-12-02,7419003.0,704864.0
2019-12-03,7373600.0,634970.0
2019-12-04,7394928.0,625806.0
2019-12-05,7368865.0,610532.0
2019-12-06,7357531.0,618162.0
2019-12-09,7377640.0,616096.0
2019-12-10,7347508.0,605674.0
2019-12-11,7324754.0,602935.0
2019-12-12,7319379.0,612267.0
2019-12-13,7316519.0,654195.0
2019-12-16,7406316.0,675065.0
2019-12-17,7380290.0,657864.0
2019-12-18,7385477.0,654566.0
2019-12-19,7373026.0,630073.0
2019-12-20,7353066.0,629017.0
2019-12-23,7348491.0,615266.0
2019-12-24,7341045.0,625373.0
2019-12-25,7351330.0,622484.0
2019-12-26,7357328.0,623404.0
2019-12-27,7340419.0,633949.0
2019-12-30,7346072.0,629723.0
2019-12-31,7351642.0,616516.0
2020-01-02,7344427.0,654584.0
2020-01-03,7322773.0,652415.0
2020-01-06,7338109.0,690772.0
2020-01-07,7314998.0,691277.0
2020-01-08,7297808.0,662743.0
2020-01-09,7299099.0,717290.0
2020-01-10,7272800.0,755308.0
2020-01-13,7241277.0,790832.0
2020-01-14,7205153.0,801211.0
2020-01-15,7222716.0,808317.0
2020-01-16,7207098.0,806838.0
2020-01-17,7145199.0,762521.0
2020-01-20,7056987.0,742481.0
2020-01-30,6885972.0,644773.0
2020-01-31,6936672.0,602615.0
2020-02-03,6856109.0,601064.0
2020-02-04,6876052.0,632403.0
2020-02-05,6909184.0,656165.0
2020-02-06,6977455.0,659651.0
2020-02-07,6976492.0,671136.0
2020-02-10,6976124.0,705905.0
2020-02-11,6957940.0,695594.0
2020-02-12,6944430.0,719782.0
2020-02-13,6980150.0,732777.0
2020-02-14,6995622.0,746499.0
2020-02-17,6971074.0,742652.0
2020-02-18,7006394.0,746204.0
2020-02-19,6989335.0,738882.0
2020-02-20,6987662.0,740047.0
2020-02-21,6948224.0,739473.0
2020-02-24,6944807.0,791954.0
2020-02-25,6900294.0,804344.0
2020-02-26,6886063.0,846802.0
2020-02-27,6823225.0,844906.0
2020-03-02,6797590.0,846538.0
2020-03-03,6831055.0,861801.0
2020-03-04,6827550.0,880542.0
2020-03-05,6789128.0,902548.0
2020-03-06,6837578.0,898423.0
2020-03-09,6726564.0,863807.0
2020-03-10,6627325.0,840656.0
2020-03-11,6657677.0,765784.0
2020-03-12,6415875.0,721764.0
2020-03-13,6010866.0,637103.0
2020-03-16,5984724.0,633731.0
2020-03-17,5828993.0,604839.0
2020-03-18,5713923.0,561779.0
2020-03-19,5242797.0,424344.0
2020-03-20,5253370.0,467311.0
2020-03-23,5247136.0,469278.0
2020-03-24,5295844.0,473401.0
2020-03-25,5279786.0,491055.0
2020-03-26,5316635.0,512749.0
2020-03-27,5370326.0,543128.0
2020-03-30,5420444.0,546113.0
2020-03-31,5471770.0,556754.0
2020-04-01,5463820.0,541704.0
2020-04-06,5496478.0,535401.0
2020-04-07,5506839.0,540209.0
2020-04-08,5533088.0,540984.0
2020-04-09,5561841.0,539382.0
2020-04-10,5571880.0,542711.0
2020-04-13,5669300.0,523196.0
2020-04-14,5684309.0,575877.0
2020-04-15,5697570.0,607233.0
2020-04-16,5736954.0,655071.0
2020-04-17,5716924.0,683304.0
2020-04-20,5764354.0,718396.0
2020-04-21,5779304.0,746026.0
2020-04-22,5777925.0,769551.0
2020-04-23,5821444.0,798452.0
2020-04-24,5863626.0,819820.0
2020-04-27,5876408.0,818104.0
2020-04-28,5849265.0,812913.0
2020-04-29,5881957.0,825729.0
2020-04-30,5849345.0,831603.0
2020-05-04,5905121.0,846683.0
2020-05-05,5982286.0,866629.0
2020-05-06,5988321.0,886835.0
2020-05-07,6014904.0,894104.0
2020-05-08,6030831.0,897604.0
2020-05-11,6050278.0,899999.0
2020-05-12,6081401.0,897763.0
2020-05-13,6054765.0,897840.0
2020-05-14,6017808.0,903554.0
2020-05-15,6032193.0,901226.0
2020-05-18,6063915.0,891330.0
2020-05-19,6073089.0,879472.0
2020-05-20,6093169.0,884298.0
2020-05-21,6128545.0,881466.0
2020-05-22,6153236.0,876283.0
2020-05-25,6171800.0,867958.0
2020-05-26,6177756.0,871497.0
2020-05-27,6196625.0,869277.0
2020-05-28,6200073.0,861653.0
2020-05-29,6194104.0,862445.0
2020-06-01,6178985.0,868290.0
2020-06-02,6161482.0,868026.0
2020-06-03,6225452.0,872902.0
2020-06-04,6247566.0,864948.0
2020-06-05,6256061.0,870171.0
2020-06-08,6260800.0,866257.0
2020-06-09,6231860.0,866373.0
2020-06-10,6240572.0,879535.0
2020-06-11,6237141.0,878767.0
2020-06-12,6136351.0,869222.0
2020-06-15,6134820.0,854180.0
2020-06-16,6178050.0,824763.0
2020-06-17,6236133.0,833907.0
2020-06-18,6276781.0,846703.0
2020-06-19,6323315.0,826817.0
2020-06-22,6314991.0,818614.0
2020-06-23,6345329.0,799000.0
2020-06-24,6346141.0,785623.0
2020-06-29,6331602.0,781536.0
2020-06-30,6371287.0,773350.0
2020-07-01,6383582.0,776151.0
2020-07-02,6450052.0,789964.0
2020-07-03,6484863.0,810643.0
2020-07-06,6491838.0,804530.0
2020-07-07,6528897.0,781698.0
2020-07-08,6601174.0,747814.0
2020-07-09,6629180.0,725122.0
2020-07-10,6625473.0,721405.0
2020-07-13,6705999.0,724293.0
2020-07-14,6680576.0,725987.0
2020-07-15,6697419.0,718250.0
2020-07-16,6768431.0,722561.0
2020-07-17,6753745.0,722904.0
2020-07-20,6767390.0,758182.0
2020-07-21,6796615.0,759028.0
2020-07-22,6840599.0,763813.0
2020-07-23,6892821.0,758255.0
2020-07-24,6846849.0,744209.0
2020-07-27,6887426.0,703353.0
2020-07-28,6859143.0,708195.0
2020-07-29,6911028.0,726762.0
2020-07-30,6978935.0,719672.0
2020-07-31,7031301.0,711010.0
2020-08-03,7075458.0,703701.0
2020-08-04,7106898.0,690320.0
2020-08-05,7176845.0,699080.0
2020-08-06,7189515.0,712536.0
2020-08-07,7206620.0,701571.0
2020-08-10,7240936.0,697397.0
2020-08-11,7194768.0,694571.0
2020-08-12,7212501.0,688810.0
2020-08-13,7207635.0,673988.0
2020-08-14,7241246.0,680235.0
2020-08-17,7294443.0,683645.0
2020-08-18,7298284.0,685825.0
2020-08-19,7311886.0,686890.0
2020-08-20,7160134.0,626071.0
2020-08-21,7192377.0,603175.0
2020-08-24,7230638.0,569903.0
2020-08-25,7293768.0,565219.0
2020-08-26,7343784.0,547878.0
2020-08-27,7436411.0,554311.0
2020-08-28,7408080.0,537648.0
2020-08-31,7501970.0,552555.0
2020-09-01,7502332.0,555676.0
2020-09-02,7567094.0,558881.0
2020-09-03,7570902.0,578455.0
2020-09-04,7566247.0,561108.0
2020-09-07,7643884.0,558634.0
2020-09-08,7663350.0,556330.0
2020-09-09,7704724.0,570434.0
2020-09-10,7737734.0,588650.0
2020-09-11,7624070.0,587231.0
2020-09-14,7617494.0,583009.0
2020-09-15,7615614.0,610358.0
2020-09-16,7622487.0,615252.0
2020-09-17,7658950.0,643559.0
2020-09-18,7675596.0,670105.0
2020-09-21,7667912.0,743148.0
2020-09-22,7627965.0,751398.0
2020-09-23,7659185.0,759120.0
2020-09-24,7546838.0,754533.0
2020-09-25,7425188.0,752009.0
2020-09-28,7428701.0,775930.0
2020-09-29,7422456.0,774852.0
2020-09-30,7417307.0,773853.0
2020-10-05,7443771.0,789010.0
2020-10-06,7445371.0,805796.0
2020-10-07,7456711.0,821903.0
2020-10-08,7472756.0,826945.0
2020-10-12,7415589.0,823518.0
2020-10-13,7449744.0,842825.0
2020-10-14,7491546.0,859318.0
2020-10-15,7513372.0,867243.0
2020-10-16,7489315.0,867347.0
2020-10-19,7464182.0,883101.0
2020-10-20,7487013.0,886037.0
2020-10-21,7534612.0,888304.0
2020-10-22,7535548.0,903218.0
2020-10-23,7576183.0,908064.0
2020-10-26,7632393.0,917471.0
2020-10-27,7661092.0,923089.0
2020-10-28,7624129.0,918680.0
2020-10-29,7653156.0,922320.0
2020-10-30,7630289.0,902498.0
2020-11-02,7626506.0,886439.0
2020-11-03,7619044.0,887616.0
2020-11-04,7609269.0,893568.0
2020-11-05,7580786.0,921697.0
2020-11-06,7619379.0,942059.0
2020-11-09,7610374.0,938240.0
2020-11-10,7600770.0,927271.0
2020-11-11,7643473.0,929965.0
2020-11-12,7656595.0,943113.0
2020-11-13,7701632.0,941720.0
2020-11-16,7719724.0,947177.0
2020-11-17,7726083.0,966619.0
2020-11-18,7784942.0,985243.0
2020-11-19,7814387.0,1001172.0
2020-11-20,7817771.0,1002866.0
2020-11-23,7855561.0,1013976.0
2020-11-24,7831485.0,1014336.0
2020-11-25,7866315.0,1025095.0
2020-11-26,7942795.0,1045742.0
2020-11-27,7947183.0,1060082.0
2020-11-30,7992706.0,1067921.0
2020-12-01,8090660.0,1073280.0
2020-12-02,8097758.0,1093649.0
2020-12-03,8105470.0,1109224.0
2020-12-04,8278074.0,1121286.0
2020-12-07,8231359.0,1125974.0
2020-12-08,8272720.0,1134096.0
2020-12-09,8326924.0,1154844.0
2020-12-10,8285194.0,1145599.0
2020-12-11,8235042.0,1127145.0
2020-12-14,8331046.0,1151017.0
2020-12-15,8362260.0,1105537.0
2020-12-16,8419225.0,1126628.0
2020-12-17,8447608.0,1122556.0
2020-12-18,8522011.0,1133690.0
2020-12-21,8605154.0,1150563.0
2020-12-22,8563783.0,1133403.0
2020-12-23,8607382.0,1144545.0
2020-12-24,8682118.0,1158543.0
2020-12-25,8745031.0,1163281.0
2020-12-28,8868470.0,1197623.0
2020-12-29,8777492.0,1185802.0
2020-12-30,8842775.0,1176219.0
2020-12-31,8832871.0,1164523.0
2021-01-04,8870768.0,1167692.0
2021-01-05,8879514.0,1147923.0
2021-01-06,8727450.0,1122569.0
2021-01-07,8758219.0,1112874.0
2021-01-08,8801354.0,1103821.0
2021-01-11,8881749.0,1109062.0
2021-01-12,8737782.0,1090494.0
2021-01-13,8813928.0,1086054.0
2021-01-14,8810319.0,1084944.0
2021-01-15,8790389.0,1066165.0
2021-01-18,8793006.0,1058785.0
2021-01-19,8830328.0,1068133.0
2021-01-20,8649982.0,1030933.0
2021-01-21,8585974.0,1042278.0
2021-01-22,8619738.0,1055594.0
2021-01-25,8581745.0,1007455.0
2021-01-26,8554812.0,970088.0
2021-01-27,8626484.0,976504.0
2021-01-28,8566116.0,916124.0
2021-01-29,8518061.0,913612.0
2021-02-01,8482664.0,826071.0
2021-02-02,8495473.0,818468.0
2021-02-03,8490399.0,825997.0
2021-02-04,8469018.0,834822.0
2021-02-05,8296787.0,831662.0
2021-02-17,8361445.0,849656.0
2021-02-18,8473312.0,857963.0
2021-02-19,8589154.0,867903.0
2021-02-22,8699749.0,887121.0
2021-02-23,8782372.0,892059.0
2021-02-24,8803201.0,891513.0
2021-02-25,8887238.0,922806.0
2021-02-26,8892801.0,927688.0
2021-03-02,8813987.0,933530.0
2021-03-03,8881344.0,929364.0
2021-03-04,8893623.0,921031.0
2021-03-05,8926661.0,884717.0
2021-03-08,8914292.0,877173.0
2021-03-09,8962966.0,862577.0
2021-03-10,8939496.0,881770.0
2021-03-11,8942652.0,878306.0
2021-03-12,8957638.0,867338.0
2021-03-15,9044356.0,852951.0
2021-03-16,9034825.0,842881.0
2021-03-17,8989783.0,844030.0
2021-03-18,8973839.0,818920.0
2021-03-19,9015534.0,773562.0
2021-03-22,9145016.0,756032.0
2021-03-23,9051577.0,744221.0
2021-03-24,9121898.0,748340.0
2021-03-25,9084950.0,731918.0
2021-03-26,9129703.0,747026.0
2021-03-29,9164461.0,745812.0
2021-03-30,9137418.0,733785.0
2021-03-31,9122072.0,705029.0
2021-04-01,9145356.0,702891.0
2021-04-06,9122084.0,564679.0
2021-04-07,9152944.0,570617.0
2021-04-08,9213689.0,540425.0
2021-04-09,9223131.0,533066.0
2021-04-12,9407875.0,547155.0
2021-04-13,9287859.0,543066.0
2021-04-14,9269617.0,519227.0
2021-04-15,9449972.0,526768.0
2021-04-16,9532594.0,474944.0
2021-04-19,9822596.0,418778.0
2021-04-20,9756252.0,406605.0
2021-04-21,9906217.0,415292.0
2021-04-22,9733809.0,409773.0
2021-04-23,9869784.0,415305.0
2021-04-26,10140914.0,451626.0
2021-04-27,10166284.0,466254.0
2021-04-28,10235842.0,494762.0
2021-04-29,10213119.0,494991.0
2021-05-04,9621675.0,447811.0
2021-05-05,9667641.0,469741.0
2021-05-06,9662601.0,486201.0
2021-05-07,9784200.0,515830.0
2021-05-10,9956504.0,544127.0
2021-05-11,9501881.0,542214.0
2021-05-12,9076299.0,458991.0
2021-05-13,8854374.0,419540.0
2021-05-14,8750321.0,443406.0
2021-05-17,8260375.0,427678.0
2021-05-18,8326166.0,457947.0
2021-05-19,8338619.0,501765.0
2021-05-20,8297433.0,514498.0
2021-05-21,8417505.0,518513.0
2021-05-24,8453913.0,519839.0
2021-05-25,8480449.0,509278.0
2021-05-26,8503672.0,523909.0
2021-05-27,8558092.0,532951.0
2021-05-28,8711705.0,556327.0
2021-05-31,8749062.0,551036.0
2021-06-01,8837885.0,563095.0
2021-06-02,8898544.0,550856.0
2021-06-03,9078805.0,559529.0
2021-06-04,9044981.0,562641.0
2021-06-07,9057692.0,552775.0
2021-06-08,9078807.0,558763.0
2021-06-09,9023542.0,570298.0
2021-06-10,9005722.0,552153.0
2021-06-11,9100800.0,540553.0
2021-06-15,9187536.0,558844.0
2021-06-16,9139505.0,532224.0
2021-06-17,9274214.0,521286.0
2021-06-18,9328222.0,506457.0
2021-06-21,9388463.0,533754.0
2021-06-22,9385582.0,535738.0
2021-06-23,9335362.0,510192.0
2021-06-24,9459720.0,506996.0
2021-06-25,9503676.0,508651.0
2021-06-28,9660882.0,514397.0
2021-06-29,9563892.0,506693.0
2021-06-30,9771526.0,500006.0
2021-07-01,9726748.0,486749.0
2021-07-02,9753692.0,479057.0
2021-07-05,9866983.0,468348.0
2021-07-06,9878318.0,458181.0
2021-07-07,9805239.0,448029.0
2021-07-08,9892312.0,453897.0
2021-07-09,9813975.0,429136.0
2021-07-12,9882422.0,430440.0
2021-07-13,9703097.0,423983.0
2021-07-14,9629947.0,383824.0
2021-07-15,9703101.0,398575.0
2021-07-16,9720086.0,410075.0
2021-07-19,9808572.0,416575.0
2021-07-20,9684158.0,386863.0
2021-07-21,9557482.0,380792.0
2021-07-22,9562605.0,367936.0
2021-07-23,9576331.0,361329.0
2021-07-26,9599001.0,355558.0
2021-07-27,9578679.0,341709.0
2021-07-28,9408531.0,327600.0
2021-07-29,9470353.0,394105.0
2021-07-30,9489914.0,402334.0
2021-08-02,9482558.0,410477.0
2021-08-03,9538035.0,413804.0
2021-08-04,9603774.0,438253.0
2021-08-05,9667516.0,452327.0
2021-08-06,9666053.0,442593.0
2021-08-09,9605857.0,448704.0
2021-08-10,9502241.0,440693.0
2021-08-11,9329306.0,449626.0
2021-08-12,9374522.0,461443.0
2021-08-13,9337801.0,464227.0
2021-08-16,9233698.0,441834.0
2021-08-17,9121506.0,447236.0
2021-08-18,9075215.0,438537.0
2021-08-19,9038307.0,462265.0
2021-08-20,8991079.0,486561.0
2021-08-23,9062070.0,484888.0
2021-08-24,8988925.0,501114.0
2021-08-25,9024278.0,468583.0
2021-08-26,9062403.0,483143.0
2021-08-27,9054641.0,479902.0
2021-08-30,9098408.0,487338.0
2021-08-31,9053314.0,495965.0
2021-09-01,9036184.0,485393.0
2021-09-02,9005555.0,501459.0
2021-09-03,9025521.0,520555.0
2021-09-06,8999375.0,524115.0
2021-09-07,8972815.0,512492.0
2021-09-08,8923938.0,516931.0
2021-09-09,8931780.0,534067.0
2021-09-10,8952967.0,520107.0
2021-09-13,8987135.0,526773.0
2021-09-14,8992461.0,548511.0
2021-09-15,8996183.0,567154.0
2021-09-16,8989974.0,575279.0
2021-09-17,9002214.0,578645.0
2021-09-22,8927635.0,534379.0
2021-09-23,8943388.0,559931.0
2021-09-24,8969852.0,567183.0
2021-09-27,8988529.0,559750.0
2021-09-28,8988071.0,542689.0
2021-09-29,8962541.0,547273.0
2021-09-30,9001277.0,561561.0
2021-10-01,8845202.0,543241.0
2021-10-04,8740282.0,548012.0
2021-10-05,8674109.0,545196.0
2021-10-06,8704169.0,557855.0
2021-10-07,8695552.0,572435.0
2021-10-08,8702151.0,580439.0
2021-10-12,8682271.0,566780.0
2021-10-13,8654025.0,574335.0
2021-10-14,8613249.0,587542.0
2021-10-15,8627906.0,591283.0
2021-10-18,8653443.0,591973.0
2021-10-19,8661132.0,589944.0
2021-10-20,8690261.0,594403.0
2021-10-21,8698606.0,607550.0
2021-10-22,8718645.0,581200.0
2021-10-25,8726667.0,579530.0
2021-10-26,8720808.0,575033.0
2021-10-27,8756750.0,553618.0
2021-10-28,8788678.0,552275.0
2021-10-29,8793272.0,541208.0
2021-11-01,8866421.0,540774.0
2021-11-02,8909426.0,532154.0
2021-11-03,8946121.0,536481.0
2021-11-04,8972408.0,535411.0
2021-11-05,8997700.0,544907.0
2021-11-08,9054335.0,543918.0
2021-11-09,9095051.0,543421.0
2021-11-10,9164327.0,554344.0
2021-11-11,9182751.0,565600.0
2021-11-12,9197000.0,563756.0
2021-11-15,9238588.0,560119.0
2021-11-16,9225047.0,579380.0
2021-11-17,9345654.0,597660.0
2021-11-18,9360719.0,600833.0
2021-11-19,9377948.0,599246.0
2021-11-22,9352847.0,593978.0
2021-11-23,9286683.0,577537.0
2021-11-24,9370025.0,596068.0
2021-11-25,9385146.0,596062.0
2021-11-26,9212234.0,571756.0
2021-11-29,9186256.0,527381.0
2021-11-30,9270154.0,533005.0
2021-12-01,9331813.0,537534.0
2021-12-02,9368127.0,532762.0
2021-12-03,9400632.0,540693.0
2021-12-06,9405015.0,544691.0
2021-12-07,9436660.0,541673.0
2021-12-08,9424972.0,543249.0
2021-12-09,9449099.0,552139.0
2021-12-10,9445535.0,551060.0
2021-12-13,9370225.0,555178.0
2021-12-14,9259897.0,538260.0
2021-12-15,9314238.0,555505.0
2021-12-16,9364755.0,540446.0
2021-12-17,9357900.0,535318.0
2021-12-20,9362290.0,538259.0
2021-12-21,9400934.0,532432.0
2021-12-22,9410820.0,529180.0
2021-12-23,9428490.0,532476.0
2021-12-24,9427566.0,527298.0
2021-12-27,9452573.0,527225.0
2021-12-28,9423464.0,524513.0
2021-12-29,9419786.0,532418.0
2021-12-30,9412350.0,483893.0
2022-01-03,9366723.0,477111.0
2022-01-04,9389890.0,476455.0
2022-01-05,9402969.0,472606.0
2022-01-06,9382148.0,470429.0
2022-01-07,9309706.0,460986.0
2022-01-10,9284981.0,462341.0
2022-01-11,9262104.0,454602.0
2022-01-12,9232224.0,454884.0
2022-01-13,9289112.0,454685.0
2022-01-14,9232324.0,434108.0
2022-01-17,9246396.0,436672.0
2022-01-18,9232817.0,446870.0
2022-01-19,9148737.0,463493.0
2022-01-20,9127529.0,471847.0
2022-01-21,9012563.0,453378.0
2022-01-24,8927867.0,440089.0
2022-01-25,8820633.0,419327.0
2022-01-26,8698047.0,397869.0
2022-02-07,8769378.0,408280.0
2022-02-08,8819200.0,422254.0
2022-02-09,8828641.0,438822.0
2022-02-10,8860874.0,451353.0
2022-02-11,8877687.0,460592.0
2022-02-14,7399737.0,630826.0
2022-02-15,8872405.0,463798.0
2022-02-16,8890187.0,471498.0
2022-02-17,8953684.0,492284.0
2022-02-18,9008085.0,495185.0
2022-02-21,9047855.0,472224.0
2022-02-22,8976337.0,452166.0
2022-02-23,9038708.0,480971.0
2022-02-24,8858979.0,454160.0
2022-02-25,8852134.0,450495.0
2022-03-01,8861100.0,446978.0
2022-03-02,8884459.0,445783.0
2022-03-03,8930204.0,444861.0
2022-03-04,8931589.0,434773.0
2022-03-07,8758940.0,413462.0
2022-03-08,8576960.0,397169.0
2022-03-09,8627623.0,404498.0
2022-03-10,8634894.0,398265.0
2022-03-11,8651869.0,396646.0
2022-03-14,8706849.0,392826.0
2022-03-15,8675969.0,364035.0
2022-03-16,8652847.0,354534.0
2022-03-17,8670036.0,343452.0
2022-03-18,8696629.0,311034.0
2022-03-21,8725005.0,293661.0
2022-03-22,8726864.0,294940.0
2022-03-23,8742025.0,290858.0
2022-03-24,8795622.0,263463.0
2022-03-25,8794693.0,250714.0
2022-03-28,8767732.0,263025.0
2022-03-29,8785262.0,255924.0
2022-03-30,8764254.0,242765.0
2022-03-31,8767588.0,247974.0
2022-04-01,8781575.0,254508.0
2022-04-06,8811501.0,255748.0
2022-04-07,8758472.0,243234.0
2022-04-08,8777260.0,249392.0
2022-04-11,8749659.0,235541.0
2022-04-12,8724920.0,241229.0
2022-04-13,8770793.0,262695.0
2022-04-14,8792428.0,287934.0
2022-04-15,8788855.0,294306.0
2022-04-18,8763978.0,294281.0
2022-04-19,8791730.0,325699.0
2022-04-20,8819910.0,338988.0
2022-04-21,8838968.0,331161.0
2022-04-22,8842580.0,345488.0
2022-04-25,8714994.0,330163.0
2022-04-26,8646024.0,345380.0
2022-04-27,8480331.0,346910.0
2022-04-28,8491877.0,370319.0
2022-04-29,8485801.0,378099.0
2022-05-03,8486000.0,387422.0
2022-05-04,8483631.0,388583.0
2022-05-05,8518790.0,398061.0
2022-05-06,8506709.0,390208.0
2022-05-09,8390727.0,392470.0
2022-05-10,8303845.0,378888.0
2022-05-11,8268623.0,388917.0
2022-05-12,8131128.0,410107.0
2022-05-13,8135378.0,406352.0
2022-05-16,8116742.0,422284.0
2022-05-17,8135558.0,445704.0
2022-05-18,8143194.0,470179.0
2022-05-19,8177148.0,455403.0
2022-05-20,8170272.0,462441.0
2022-05-23,8149782.0,447564.0
2022-05-24,8160642.0,457064.0
2022-05-25,8206191.0,467637.0
2022-05-26,8231438.0,468678.0
2022-05-27,8234110.0,476516.0
2022-05-30,8217268.0,482703.0
2022-05-31,8199490.0,495039.0
2022-06-01,8237010.0,486938.0
2022-06-02,8239243.0,481817.0
2022-06-06,8231056.0,493032.0
2022-06-07,8235198.0,497826.0
2022-06-08,8282960.0,502744.0
2022-06-09,8274728.0,510420.0
2022-06-10,8296251.0,507047.0
2022-06-13,8265589.0,496720.0
2022-06-14,8236047.0,485566.0
2022-06-15,8204268.0,503172.0
2022-06-16,8155529.0,519880.0
2022-06-17,8039615.0,504445.0
2022-06-20,7866552.0,493762.0
2022-06-21,7801848.0,491466.0
2022-06-22,7706100.0,494247.0
2022-06-23,7622103.0,488161.0
2022-06-24,7582689.0,498568.0
2022-06-27,7555283.0,488386.0
2022-06-28,7525658.0,488457.0
2022-06-29,7533583.0,501239.0
2022-06-30,7462961.0,509726.0
2022-07-01,7243379.0,520240.0
2022-07-04,7178479.0,534134.0
2022-07-05,7163627.0,532664.0
2022-07-06,7138701.0,533055.0
2022-07-07,7130668.0,510829.0
2022-07-08,7142653.0,505630.0
2022-07-11,7181612.0,516763.0
2022-07-12,7159078.0,535382.0
2022-07-13,7174167.0,531902.0
2022-07-14,7207362.0,526684.0
2022-07-15,7262451.0,523536.0
2022-07-18,7258546.0,529554.0
2022-07-19,7296078.0,530112.0
2022-07-20,7307783.0,546495.0
2022-07-21,7320941.0,547614.0
2022-07-22,7339201.0,543475.0
2022-07-25,7366562.0,538854.0
2022-07-26,7367894.0,552684.0
2022-07-27,7380629.0,564923.0
2022-07-28,7382130.0,598189.0
2022-07-29,7360151.0,588333.0
2022-08-01,7372402.0,595031.0
2022-08-02,7369529.0,581296.0
2022-08-03,7383686.0,585139.0
2022-08-04,7378657.0,595630.0
2022-08-05,7402655.0,603800.0
2022-08-08,7402774.0,612068.0
2022-08-09,7410946.0,631859.0
2022-08-10,7452225.0,631108.0
2022-08-11,7395383.0,621121.0
2022-08-12,7372160.0,623872.0
2022-08-15,7291726.0,616265.0
2022-08-16,7262902.0,616257.0
2022-08-17,7291736.0,625079.0
2022-08-18,7316964.0,613676.0
2022-08-19,7349476.0,608753.0
2022-08-22,7343707.0,604778.0
2022-08-23,7382609.0,605457.0
2022-08-24,7391469.0,620795.0
2022-08-25,7397278.0,621518.0
2022-08-26,7382679.0,624623.0
2022-08-29,7371452.0,610226.0
2022-08-30,7412822.0,613525.0
2022-08-31,7418064.0,617022.0
2022-09-01,7447883.0,613929.0
2022-09-02,7451022.0,615561.0
2022-09-05,7441059.0,624901.0
2022-09-06,7409243.0,623835.0
2022-09-07,7368272.0,622583.0
2022-09-08,7364494.0,639723.0
2022-09-12,7356125.0,627081.0
2022-09-13,7342576.0,639307.0
2022-09-14,7399737.0,630826.0
2022-09-15,7418032.0,633995.0
2022-09-16,7434662.0,634396.0
2022-09-19,7335452.0,629499.0
2022-09-20,7321635.0,633662.0
2022-09-21,7328721.0,629096.0
2022-09-22,7313685.0,630417.0
2022-09-23,7232623.0,619229.0
2022-09-26,7092849.0,601550.0
2022-09-27,7088412.0,603016.0
2022-09-28,6997518.0,606065.0
2022-09-29,6948265.0,625828.0
2022-09-30,6910733.0,609947.0
2022-10-03,6944678.0,611134.0
2022-10-04,6912228.0,619403.0
2022-10-05,6896752.0,638403.0
2022-10-06,6913097.0,647879.0
2022-10-07,6942810.0,654669.0
2022-10-11,6891843.0,649125.0
2022-10-12,6894229.0,647299.0
2022-10-13,6786667.0,652186.0
2022-10-14,6739769.0,622482.0
2022-10-17,6663061.0,608832.0
2022-10-18,6674206.0,611815.0
2022-10-19,6693705.0,622077.0
2022-10-20,6717493.0,623199.0
2022-10-21,6730626.0,630320.0
2022-10-24,6750110.0,636300.0
2022-10-25,6688562.0,630256.0
2022-10-26,6673021.0,630224.0
2022-10-27,6659774.0,619249.0
2022-10-28,6667847.0,617331.0
2022-10-31,6658800.0,621883.0
2022-11-01,6649417.0,626739.0
2022-11-02,6640191.0,631262.0
2022-11-03,6666147.0,625571.0
2022-11-04,6684174.0,625204.0
2022-11-07,6650609.0,639615.0
2022-11-08,6632327.0,636599.0
2022-11-09,6643825.0,636221.0
2022-11-10,6669221.0,629770.0
2022-11-11,6606322.0,616844.0
2022-11-14,6593794.0,623482.0
2022-11-15,6661154.0,638105.0
2022-11-16,6738869.0,637085.0
2022-11-17,6735190.0,631903.0
2022-11-18,6728175.0,633433.0
2022-11-21,6732129.0,640414.0
2022-11-22,6745961.0,644337.0
2022-11-23,6732847.0,640432.0
2022-11-24,6758543.0,636661.0
2022-11-25,6762519.0,641796.0
2022-11-28,6800212.0,631245.0
2022-11-29,6798681.0,638559.0
2022-11-30,6827384.0,641996.0
2022-12-01,6789123.0,630165.0
2022-12-02,6837836.0,629704.0
2022-12-05,6829124.0,631540.0
2022-12-06,6840514.0,630599.0
2022-12-07,6869275.0,632782.0
2022-12-08,6883666.0,634109.0
2022-12-09,6908192.0,637542.0
2022-12-12,6916464.0,631090.0
2022-12-13,6918015.0,634468.0
2022-12-14,6920181.0,634014.0
2022-12-15,6947117.0,637575.0
2022-12-16,6981181.0,641793.0
2022-12-19,6995921.0,629988.0
2022-12-20,6904237.0,622042.0
2022-12-21,6948229.0,626402.0
2022-12-22,6946636.0,636787.0
2022-12-23,6934933.0,623802.0
2022-12-26,6939632.0,623305.0
2022-12-27,6957339.0,624219.0
2022-12-28,6930052.0,625222.0
2022-12-29,6905241.0,614729.0
2022-12-30,6896030.0,618427.0
2023-01-03,6870646.0,618048.0
2023-01-04,6847229.0,612506.0
2023-01-05,6785785.0,614910.0
2023-01-06,6767859.0,607460.0
2023-01-09,6683967.0,602793.0
2023-01-10,6617142.0,596532.0
2023-01-11,6566384.0,589480.0
2023-01-12,6533296.0,576292.0
2023-01-13,6466360.0,568635.0
2023-01-16,6388337.0,560436.0
2023-01-17,6318199.0,543063.0
2023-01-30,6281622.0,543932.0
2023-01-31,6297570.0,551981.0
2023-02-01,6335454.0,551128.0
2023-02-02,6383058.0,548899.0
2023-02-03,6391436.0,541191.0
2023-02-06,6415414.0,545614.0
2023-02-07,6414720.0,541285.0
2023-02-08,6435689.0,539691.0
2023-02-09,6440640.0,541105.0
2023-02-10,6451196.0,530539.0
2023-02-13,6439361.0,530719.0
2023-02-14,6475427.0,530337.0
2023-02-15,6487969.0,530468.0
2023-02-16,6508305.0,531450.0
2023-02-17,6540052.0,524914.0
2023-02-20,6578415.0,521506.0
2023-02-21,6592813.0,518828.0
2023-02-22,6601393.0,511124.0
2023-02-23,6648661.0,508045.0
2023-02-24,6652938.0,504341.0
2023-03-01,6651275.0,502285.0
2023-03-02,6664284.0,494506.0
2023-03-03,6664859.0,487012.0
2023-03-06,6683191.0,485014.0
2023-03-07,6721184.0,476054.0
2023-03-08,6751185.0,473906.0
2023-03-09,6815128.0,461240.0
2023-03-10,6804101.0,447257.0
2023-03-13,6801505.0,429293.0
2023-03-14,6792686.0,432624.0
2023-03-15,6820066.0,420465.0
2023-03-16,6822008.0,419451.0
2023-03-17,6886535.0,391115.0
2023-03-20,6894158.0,353819.0
2023-03-21,6924827.0,343254.0
2023-03-22,6943020.0,324931.0
2023-03-23,6935889.0,296376.0
2023-03-24,6945031.0,256959.0
2023-03-27,6967787.0,241813.0
2023-03-28,6915474.0,222714.0
2023-03-29,6902840.0,214405.0
2023-03-30,6914441.0,223722.0
2023-03-31,6867802.0,226354.0
2023-04-06,6891762.0,213155.0
2023-04-07,6897469.0,205402.0
2023-04-10,6909093.0,195305.0
2023-04-11,6924867.0,196853.0
2023-04-12,6969494.0,205634.0
2023-04-13,7011473.0,214783.0
2023-04-14,7035815.0,218038.0
2023-04-17,7047158.0,235164.0
2023-04-18,7024526.0,233252.0
2023-04-19,7060878.0,236534.0
2023-04-20,7059285.0,231173.0
2023-04-21,7011301.0,224513.0
2023-04-24,7031503.0,238247.0
2023-04-25,6981277.0,239520.0
2023-04-26,6963742.0,250669.0
2023-04-27,6989217.0,265139.0
2023-04-28,6987203.0,266255.0
2023-05-02,7029466.0,270392.0
2023-05-03,7064956.0,284213.0
2023-05-04,7088933.0,318273.0
2023-05-05,7094541.0,308552.0
2023-05-08,7113667.0,306201.0
2023-05-09,7057318.0,305138.0
2023-05-10,7080823.0,302027.0
2023-05-11,7030601.0,303580.0
2023-05-12,7018803.0,311858.0
2023-05-15,7047595.0,315853.0
2023-05-16,7083899.0,320603.0
2023-05-17,7138873.0,325273.0
2023-05-18,7134470.0,330555.0
2023-05-19,7175688.0,333291.0
2023-05-22,7204330.0,331775.0
2023-05-23,7215227.0,333153.0
2023-05-24,7243097.0,337977.0
2023-05-25,7250947.0,335428.0
2023-05-26,7280159.0,322419.0
2023-05-29,7275316.0,321502.0
2023-05-30,7308974.0,316025.0
2023-05-31,7362236.0,330170.0
2023-06-01,7412292.0,332522.0
2023-06-02,7399599.0,328252.0
2023-06-05,7382413.0,327026.0
2023-06-06,7373391.0,329037.0
2023-06-07,7374538.0,331134.0
2023-06-08,7360267.0,327806.0
2023-06-09,7389691.0,327094.0
2023-06-12,7364219.0,317253.0
2023-06-13,7389383.0,347568.0
2023-06-14,7436339.0,331233.0
2023-06-15,7459831.0,340575.0
2023-06-16,7393032.0,335380.0
2023-06-19,7410092.0,322835.0
2023-06-20,7406880.0,319827.0
2023-06-21,7426857.0,315808.0
2023-06-26,7459668.0,314360.0
2023-06-27,7357568.0,288218.0
2023-06-28,7393064.0,312838.0
2023-06-29,7411136.0,303671.0
2023-06-30,7410109.0,308269.0
2023-07-03,7426109.0,324583.0
2023-07-04,7449500.0,337574.0
2023-07-05,7488079.0,322256.0
2023-07-06,7528585.0,299425.0
2023-07-07,7552264.0,294333.0
2023-07-10,7579235.0,287787.0
2023-07-11,7555082.0,288719.0
2023-07-12,7569633.0,297906.0
2023-07-13,7508515.0,305409.0
2023-07-14,7555581.0,310381.0
2023-07-17,7637637.0,317221.0
2023-07-18,7652356.0,319347.0
2023-07-19,7648851.0,314834.0
2023-07-20,7659337.0,322076.0
2023-07-21,7634514.0,318944.0
2023-07-24,7684097.0,305314.0
2023-07-25,7638500.0,309270.0
2023-07-26,7638425.0,294966.0
2023-07-27,7635408.0,298812.0
2023-07-28,7627696.0,301232.0
2023-07-31,7635259.0,305098.0
2023-08-01,7627362.0,290557.0
2023-08-02,7595235.0,290532.0
2023-08-04,7615104.0,293833.0
2023-08-07,7669516.0,297926.0
2023-08-08,7635323.0,296135.0
2023-08-09,7606874.0,303899.0
2023-08-10,7518167.0,290101.0
2023-08-11,7497636.0,284872.0
2023-08-14,7389197.0,282388.0
2023-08-15,7375968.0,286694.0
2023-08-16,7380475.0,290501.0
2023-08-17,7368476.0,288446.0
2023-08-18,7358214.0,293405.0
2023-08-21,7345153.0,296194.0
2023-08-22,7351051.0,303841.0
2023-08-23,7350889.0,317887.0
2023-08-24,7343002.0,310323.0
2023-08-25,7352849.0,308512.0
2023-08-28,7355706.0,311581.0
2023-08-29,7359310.0,320479.0
2023-08-30,7398096.0,326980.0
2023-08-31,7423253.0,328726.0
2023-09-01,7423325.0,333514.0
2023-09-04,7419441.0,335609.0
2023-09-05,7463943.0,333150.0
2023-09-06,7492904.0,338420.0
2023-09-07,7517577.0,339627.0
2023-09-08,7524419.0,344552.0
2023-09-11,7486419.0,341779.0
2023-09-12,7484834.0,345394.0
2023-09-13,7522875.0,346756.0
2023-09-14,7544104.0,353075.0
2023-09-15,7576849.0,348994.0
2023-09-18,7593890.0,343362.0
2023-09-19,7593270.0,348039.0
2023-09-20,7586704.0,345339.0
2023-09-21,7555781.0,342945.0
2023-09-22,7567045.0,344062.0
2023-09-25,7590121.0,348925.0
2023-09-26,7587148.0,349133.0
2023-09-27,7591560.0,349794.0
2023-09-28,7620409.0,353307.0
2023-10-02,7626078.0,351434.0
2023-10-03,7655997.0,355598.0
2023-10-04,7626681.0,351131.0
2023-10-05,7646423.0,345646.0
2023-10-06,7632502.0,337710.0
2023-10-11,7544128.0,318211.0
2023-10-12,7537290.0,322585.0
2023-10-13,7572319.0,321419.0
2023-10-16,7596369.0,304555.0
2023-10-17,7582319.0,314959.0
2023-10-18,7518793.0,305364.0
2023-10-19,7543970.0,307805.0
2023-10-20,7557799.0,314142.0
2023-10-23,7548022.0,316952.0
2023-10-24,7565984.0,312235.0
2023-10-25,7557081.0,316466.0
2023-10-26,7558317.0,317040.0
2023-10-27,7533534.0,327791.0
2023-10-30,7548498.0,333402.0
2023-10-31,7519924.0,324321.0
2023-11-01,7490220.0,324564.0
2023-11-02,7492450.0,336087.0
2023-11-03,7476595.0,336324.0
2023-11-06,7462836.0,331387.0
2023-11-07,7479774.0,326587.0
2023-11-08,7510997.0,327332.0
2023-11-09,7516781.0,312554.0
2023-11-10,7525452.0,303312.0
2023-11-13,7522965.0,298140.0
2023-11-14,7536910.0,294068.0
2023-11-15,7522037.0,299018.0
2023-11-16,7545959.0,301083.0
2023-11-17,7590278.0,307554.0
2023-11-20,7612158.0,303455.0
2023-11-21,7607651.0,301328.0
2023-11-22,7621347.0,299511.0
2023-11-23,7655795.0,292488.0
2023-11-24,7670385.0,295133.0
2023-11-27,7676974.0,291391.0
2023-11-28,7695138.0,297981.0
2023-11-29,7733957.0,304601.0
2023-11-30,7740556.0,305114.0
2023-12-01,7787207.0,307122.0
2023-12-04,7801342.0,310971.0
2023-12-05,7803701.0,309850.0
2023-12-06,7832720.0,308966.0
2023-12-07,7845970.0,315307.0
2023-12-08,7844676.0,316641.0
2023-12-11,7883493.0,312430.0
2023-12-12,7893676.0,314638.0
2023-12-13,7933983.0,313042.0
2023-12-14,7950360.0,319994.0
2023-12-15,7929572.0,324303.0
2023-12-18,7934268.0,331251.0
2023-12-19,7920219.0,339288.0
2023-12-20,7979161.0,357290.0
2023-12-21,7961845.0,363626.0
2023-12-22,7969779.0,357340.0
2023-12-25,7968992.0,353828.0
2023-12-26,7980909.0,364754.0
2023-12-27,7987092.0,353514.0
2023-12-28,7972960.0,350349.0
2023-12-29,7999084.0,359738.0
2024-01-02,8012561.0,369678.0
2024-01-03,8026374.0,371823.0
2024-01-04,8029651.0,358368.0
2024-01-05,8024554.0,343455.0
2024-01-08,8039261.0,336246.0
2024-01-09,8008263.0,318177.0
2024-01-10,7981563.0,295498.0
2024-01-11,7993701.0,289731.0
2024-01-12,7972552.0,288750.0
2024-01-15,7996874.0,295543.0
2024-01-16,8022828.0,293725.0
2024-01-17,8011266.0,279611.0
2024-01-18,7983168.0,285537.0
2024-01-19,7999719.0,287310.0
2024-01-22,8011385.0,287587.0
2024-01-23,8001917.0,290372.0
2024-01-24,8034166.0,294784.0
2024-01-25,8014784.0,299028.0
2024-01-26,8005999.0,296141.0
2024-01-29,7978824.0,298269.0
2024-01-30,7991188.0,290679.0
2024-01-31,7983234.0,278728.0
2024-02-01,7936905.0,279009.0
2024-02-02,7916365.0,270944.0
2024-02-05,7872992.0,252196.0
2024-02-15,7879037.0,270856.0
2024-02-16,7866520.0,286898.0
2024-02-19,7904468.0,267576.0
2024-02-20,7947318.0,265370.0
2024-02-21,7929754.0,273338.0
2024-02-22,7978158.0,271010.0
2024-02-23,7946790.0,266318.0
2024-02-26,7977365.0,266577.0
2024-02-27,7956472.0,260689.0
2024-02-29,7998657.0,270477.0
2024-03-01,8000937.0,271418.0
2024-03-04,8051172.0,265251.0
2024-03-05,8053729.0,269481.0
2024-03-06,8076467.0,272738.0
2024-03-07,8052860.0,261517.0
2024-03-08,8020347.0,245663.0
2024-03-11,8070245.0,244415.0
2024-03-12,8113705.0,242962.0
2024-03-13,8133622.0,229169.0
2024-03-14,8205821.0,224128.0
2024-03-15,8245281.0,213697.0
2024-03-18,8293257.0,196398.0
2024-03-19,8354871.0,185546.0
2024-03-20,8386291.0,174668.0
2024-03-21,8412402.0,165762.0
2024-03-22,8487400.0,144557.0
2024-03-25,8504819.0,139845.0
2024-03-26,8399439.0,144198.0
2024-03-27,8465782.0,147169.0
2024-03-28,8494290.0,154833.0
2024-03-29,8399127.0,173147.0
2024-04-01,8404829.0,175649.0
2024-04-02,8452777.0,171715.0
2024-04-03,8496076.0,156851.0
2024-04-08,8508333.0,153487.0
2024-04-09,8549508.0,151534.0
2024-04-10,8503704.0,156403.0
2024-04-11,8534798.0,159232.0
2024-04-12,8567921.0,158251.0
2024-04-15,8543613.0,148637.0
2024-04-16,8362299.0,141785.0
2024-04-17,8441996.0,155145.0
2024-04-18,8480732.0,162019.0
2024-04-19,8390634.0,152670.0
2024-04-22,8321974.0,156655.0
2024-04-23,8297145.0,166755.0
2024-04-24,8352373.0,175185.0
2024-04-25,8330448.0,185529.0
2024-04-26,8395505.0,199418.0
2024-04-29,8440264.0,206443.0
2024-04-30,8450364.0,207167.0
2024-05-02,8509997.0,212700.0
2024-05-03,8486053.0,221482.0
2024-05-06,8560551.0,224536.0
2024-05-07,8532601.0,223857.0
2024-05-08,8569203.0,230222.0
2024-05-09,8562862.0,236077.0
2024-05-10,8602906.0,248103.0
2024-05-13,8580854.0,248308.0
2024-05-14,8550672.0,253374.0
2024-05-15,8515510.0,254231.0
2024-05-16,8528851.0,262819.0
2024-05-17,8548673.0,263771.0
2024-05-20,8547258.0,268500.0
2024-05-21,8557366.0,266682.0
2024-05-22,8583889.0,268793.0
2024-05-23,8575318.0,260501.0
2024-05-24,8623993.0,264187.0
2024-05-27,8661091.0,265126.0
2024-05-28,8639431.0,265167.0
2024-05-29,8665656.0,265338.0
2024-05-30,8674202.0,261098.0
2024-05-31,8670966.0,261231.0
2024-06-03,8751003.0,267927.0
2024-06-04,8749499.0,267852.0
2024-06-05,8779475.0,265031.0
2024-06-06,8848475.0,257654.0
2024-06-07,8844634.0,263016.0
2024-06-11,8830278.0,258531.0
2024-06-12,8836293.0,252464.0
2024-06-13,8834089.0,262334.0
2024-06-14,8874357.0,265437.0
2024-06-17,8894300.0,264976.0
2024-06-18,8904721.0,268507.0
2024-06-19,8889979.0,263390.0
2024-06-20,8905034.0,271902.0
2024-06-21,8958901.0,270151.0
2024-06-24,8909964.0,253199.0
2024-06-25,8909090.0,243343.0
2024-06-26,8941967.0,241516.0
2024-06-27,8942734.0,231507.0
2024-06-28,8961515.0,226090.0
2024-07-01,8996026.0,213897.0
2024-07-02,9061770.0,216213.0
2024-07-03,9111599.0,217706.0
2024-07-04,9133537.0,219934.0
2024-07-05,9155045.0,226734.0
2024-07-08,9212230.0,219995.0
2024-07-09,9160526.0,205249.0
2024-07-10,9215805.0,210113.0
2024-07-11,9274445.0,218622.0
2024-07-12,9238730.0,224653.0
2024-07-15,9301546.0,217596.0
2024-07-16,9351970.0,218432.0
2024-07-17,9418512.0,223554.0
2024-07-18,9364856.0,214158.0
2024-07-19,9262317.0,203609.0
2024-07-22,9062195.0,196780.0
2024-07-23,9049484.0,193755.0
2024-07-26,9000960.0,190049.0
2024-07-29,8952144.0,199165.0
2024-07-30,8922980.0,197977.0
2024-07-31,8959292.0,209875.0
2024-08-01,8929322.0,225491.0
2024-08-02,8880742.0,227820.0
2024-08-05,8490878.0,239394.0
2024-08-06,8257351.0,211581.0
2024-08-07,8298590.0,232062.0
2024-08-08,8353677.0,245156.0
2024-08-09,8471469.0,259826.0
2024-08-12,8516552.0,222763.0
2024-08-13,8575855.0,228808.0
2024-08-14,8597573.0,237116.0
2024-08-15,8626201.0,255043.0
2024-08-16,8603253.0,251292.0
2024-08-19,8651405.0,256148.0
2024-08-20,8755293.0,261658.0
2024-08-21,8872232.0,256128.0
2024-08-22,8886118.0,263789.0
2024-08-23,9004529.0,260522.0
2024-08-26,8998379.0,262840.0
2024-08-27,9082168.0,270420.0
2024-08-28,9175402.0,275876.0
2024-08-29,9264545.0,269204.0
2024-08-30,9281227.0,259414.0
2024-09-02,9336221.0,249653.0
2024-09-03,9396708.0,253869.0
2024-09-04,9361795.0,259578.0
2024-09-05,9464872.0,282910.0
2024-09-06,9442906.0,276365.0
2024-09-09,9427572.0,261638.0
2024-09-10,9434464.0,270079.0
2024-09-11,9545148.0,269974.0
2024-09-12,9611111.0,274375.0
2024-09-13,9640086.0,271031.0
2024-09-16,9637616.0,276346.0
2024-09-18,9657450.0,274189.0
2024-09-19,9532034.0,273112.0
2024-09-20,9426648.0,279636.0
2024-09-23,9380715.0,274991.0
2024-09-24,9352585.0,280587.0
2024-09-25,9254732.0,286451.0
2024-09-26,9200631.0,290926.0
2024-09-27,9201233.0,296346.0
2024-09-30,9225276.0,301453.0
2024-10-01,9251672.0,298843.0
2024-10-04,9184071.0,316179.0
2024-10-07,9273033.0,336769.0
2024-10-08,9351289.0,317096.0
2024-10-09,9371402.0,294713.0
2024-10-11,9418727.0,302228.0
2024-10-14,9427154.0,316149.0
2024-10-15,9434284.0,303401.0
2024-10-16,9476627.0,306261.0
2024-10-17,9476176.0,307984.0
2024-10-18,9512984.0,334458.0
2024-10-21,9562117.0,335642.0
2024-10-22,9579368.0,340162.0
2024-10-23,9596755.0,346351.0
2024-10-24,9614190.0,327981.0
2024-10-25,9612168.0,323583.0
2024-10-28,9601234.0,320320.0
2024-10-29,9576082.0,310875.0
2024-10-30,9619694.0,302818.0
2024-11-01,9527295.0,303057.0
2024-11-04,9556577.0,303290.0
2024-11-05,9551071.0,324455.0
2024-11-06,9621929.0,331179.0
2024-11-07,9692181.0,343701.0
2024-11-08,9677902.0,323224.0
2024-11-11,9672257.0,312986.0
2024-11-12,9596049.0,312370.0
2024-11-13,9581042.0,304586.0
2024-11-14,9545977.0,311246.0
2024-11-15,9526451.0,311766.0
2024-11-18,9453655.0,305117.0
2024-11-19,9442369.0,290248.0
2024-11-20,9381189.0,288862.0
2024-11-21,9395874.0,287090.0
2024-11-22,9418692.0,290126.0
2024-11-25,9375709.0,286375.0
2024-11-26,9362554.0,286754.0
2024-11-27,9312084.0,285077.0
2024-11-28,9226977.0,278477.0
2024-11-29,9225209.0,279353.0
2024-12-02,9229735.0,284111.0
2024-12-03,9213745.0,287029.0
2024-12-04,9216049.0,296145.0
2024-12-05,9242093.0,292253.0
2024-12-06,9219742.0,296493.0
2024-12-09,9253247.0,295607.0
2024-12-10,9223228.0,289142.0
2024-12-11,8686306.0,288868.0
2024-12-12,8687880.0,303700.0
2024-12-13,8659162.0,305337.0
2024-12-16,8597261.0,307846.0
2024-12-17,8646135.0,307631.0
2024-12-18,8662739.0,300413.0
2024-12-19,8664837.0,305527.0
2024-12-20,8679661.0,307018.0
2024-12-23,8659957.0,306747.0
2024-12-24,8639600.0,303147.0
2024-12-25,8665158.0,314855.0
2024-12-26,8674230.0,313348.0
2024-12-27,8675261.0,315165.0
2024-12-30,8689333.0,324474.0
2024-12-31,8713943.0,330264.0
2025-01-02,8738210.0,334574.0
2025-01-03,8723745.0,326815.0
2025-01-06,8740419.0,318051.0
2025-01-07,8763204.0,318783.0
2025-01-08,8716923.0,315817.0
2025-01-09,8641036.0,305124.0
2025-01-10,8589804.0,301335.0
2025-01-13,8423896.0,292675.0
2025-01-14,8394813.0,295624.0
2025-01-15,8363549.0,302765.0
2025-01-16,8319346.0,309791.0
2025-01-17,8315430.0,308826.0
2025-01-20,8293188.0,312303.0
2025-01-21,8255538.0,314752.0
2025-01-22,8180157.0,307646.0
2025-02-03,8149138.0,315654.0
2025-02-04,8152114.0,311596.0
2025-02-05,8165802.0,322006.0
2025-02-06,8145236.0,332376.0
2025-02-07,8152765.0,338144.0
2025-02-10,8190425.0,338636.0
2025-02-11,8199181.0,337429.0
2025-02-12,8209958.0,336358.0
2025-02-13,8236162.0,345945.0
2025-02-14,8229788.0,348986.0
2025-02-17,8276765.0,358716.0
2025-02-18,8310376.0,367613.0
2025-02-19,8310762.0,362548.0
2025-02-20,8315377.0,353298.0
2025-02-21,8320215.0,346262.0
2025-02-24,8342894.0,332063.0
2025-02-25,8321116.0,326391.0
2025-02-26,8322511.0,319760.0
2025-02-27,8274243.0,313589.0
2025-03-03,8237209.0,291332.0
2025-03-04,8232390.0,280550.0
2025-03-05,8264389.0,284400.0
2025-03-06,8265994.0,294475.0
2025-03-07,8278483.0,292115.0
2025-03-10,8316150.0,269204.0
2025-03-11,8283606.0,251984.0
2025-03-12,8319529.0,250169.0
2025-03-13,8295830.0,235495.0
2025-03-14,8236645.0,235795.0
2025-03-17,8254100.0,226721.0
2025-03-18,8234768.0,228115.0
2025-03-19,8230663.0,216915.0
2025-03-20,8246605.0,205412.0
2025-03-21,8216354.0,170998.0
2025-03-24,8211568.0,170202.0
2025-03-25,8196303.0,165447.0
2025-03-26,8174727.0,168049.0
2025-03-27,8161437.0,178956.0
2025-03-28,8082421.0,173854.0
2025-03-31,7845133.0,171971.0
2025-04-01,7842648.0,168257.0
2025-04-02,7838382.0,160485.0
2025-04-07,7489035.0,171217.0
2025-04-08,7021974.0,130691.0
2025-04-09,6496847.0,126739.0
2025-04-10,6421689.0,114313.0
2025-04-11,6334107.0,115570.0
2025-04-14,6307382.0,135323.0
2025-04-15,6328424.0,142049.0
2025-04-16,6379552.0,143240.0
2025-04-17,6369299.0,141183.0
2025-04-18,6372091.0,142742.0
2025-04-21,6332335.0,153581.0
2025-04-22,6314432.0,158935.0
2025-04-23,6324830.0,171195.0
2025-04-24,6315027.0,176034.0
2025-04-25,6287149.0,181743.0
2025-04-28,6257807.0,188107.0
2025-04-29,6288080.0,187901.0
2025-04-30,6324021.0,223452.0
2025-05-02,6363772.0,229893.0
2025-05-05,6419470.0,247807.0
2025-05-06,6407488.0,249405.0
2025-05-07,6426039.0,245334.0
2025-05-08,6446648.0,241520.0
2025-05-09,6452396.0,243892.0
2025-05-12,6440127.0,247936.0
2025-05-13,6432421.0,249365.0
2025-05-14,6467866.0,249025.0
2025-05-15,6516233.0,246762.0
2025-05-16,6576589.0,251631.0
2025-05-19,6590796.0,247001.0
2025-05-20,6577845.0,250220.0
2025-05-21,6581828.0,251121.0
2025-05-22,6625821.0,258703.0
2025-05-23,6639565.0,257650.0
2025-05-26,6671803.0,254589.0
2025-05-27,6682308.0,251091.0
2025-05-28,6692503.0,250868.0
2025-05-29,6686786.0,253505.0
2025-06-02,6720366.0,241299.0
2025-06-03,6725980.0,258209.0
2025-06-04,6722847.0,258561.0
2025-06-05,6718078.0,255142.0
2025-06-06,6718618.0,253471.0
2025-06-09,6711081.0,258795.0
2025-06-10,6692737.0,257764.0
2025-06-11,6701904.0,241157.0
2025-06-12,6724738.0,255521.0
2025-06-13,6735453.0,277129.0
2025-06-16,6764455.0,259082.0
2025-06-17,6771412.0,240999.0
2025-06-18,6781132.0,249242.0
2025-06-19,6787542.0,249190.0
2025-06-20,6772583.0,239496.0
2025-06-23,6762840.0,233144.0
2025-06-24,6746897.0,234046.0
2025-06-25,6768567.0,234735.0
2025-06-26,6761707.0,225045.0
2025-06-27,6770919.0,221163.0
2025-06-30,6834497.0,222033.0
2025-07-01,6812495.0,223896.0
2025-07-02,6811689.0,224210.0
2025-07-03,6794172.0,233661.0
2025-07-04,6770065.0,234175.0
2025-07-07,6772395.0,239972.0
2025-07-08,6775062.0,246766.0
2025-07-09,6791753.0,267559.0
2025-07-10,6860473.0,273687.0
2025-07-11,6878150.0,276681.0
2025-07-14,6903343.0,274459.0
2025-07-15,6951668.0,277895.0
2025-07-16,6943972.0,298336.0
2025-07-17,6956005.0,298989.0
2025-07-18,6968522.0,298361.0
2025-07-21,6970999.0,288493.0
2025-07-22,6932379.0,279593.0
2025-07-23,6961426.0,288242.0
2025-07-24,6860489.0,262652.0
2025-07-25,6879849.0,262676.0
2025-07-28,6877760.0,259572.0
2025-07-29,6862271.0,233568.0
2025-07-30,6850445.0,248212.0
2025-07-31,6908591.0,244106.0
2025-08-01,6916589.0,244032.0
2025-08-04,6908327.0,233876.0
2025-08-05,6940510.0,238525.0
2025-08-06,6953218.0,242672.0
2025-08-07,6956042.0,250712.0
2025-08-08,6964032.0,251486.0
2025-08-11,7025082.0,254595.0
2025-08-12,7020599.0,262015.0
2025-08-13,6999135.0,262196.0
2025-08-14,7024342.0,265817.0
2025-08-15,7075184.0,273209.0
2025-08-18,7127670.0,282409.0
2025-08-19,7114832.0,280314.0
2025-08-20,7072613.0,259187.0
2025-08-21,7099289.0,264293.0
2025-08-22,7078260.0,264434.0
2025-08-25,7120916.0,283199.0
2025-08-26,7148622.0,290776.0
2025-08-27,7157587.0,284183.0
2025-08-28,7187773.0,283860.0
2025-08-29,7204181.0,287081.0
2025-09-01,7160345.0,284097.0
2025-09-02,7142070.0,274300.0
2025-09-03,7173616.0,284995.0
2025-09-04,7190076.0,277151.0
2025-09-05,7228105.0,283235.0
2025-09-08,7273265.0,278076.0
2025-09-09,7273085.0,282463.0
2025-09-10,7315318.0,286959.0
2025-09-11,7246251.0,290002.0
2025-09-12,7271607.0,297663.0
2025-09-15,7262270.0,294399.0
2025-09-16,7274679.0,298612.0
2025-09-17,7240060.0,319329.0
2025-09-18,7252123.0,333640.0
2025-09-19,7245469.0,336185.0
2025-09-22,7290829.0,315671.0
2025-09-23,7330234.0,313214.0
2025-09-24,7311567.0,317483.0
2025-09-25,7301785.0,331781.0
2025-09-26,7236488.0,303853.0
2025-10-01,7289143.0,306765.0
2025-10-02,7354804.0,324331.0
2025-10-03,7440197.0,324129.0
2025-10-07,7462926.0,343649.0
2025-10-08,7454287.0,323322.0
2025-10-09,7477782.0,328558.0
2025-10-13,7462819.0,311917.0
2025-10-14,7330057.0,308532.0
2025-10-15,7369415.0,307921.0
2025-10-16,7442443.0,315616.0
2025-10-17,7395723.0,325180.0
2025-10-20,7479239.0,331465.0
2025-10-21,7479839.0,321838.0
2025-10-22,7493065.0,322632.0
2025-10-23,7461110.0,324455.0
2025-10-27,7442451.0,331665.0
2025-10-28,7444247.0,334610.0
2025-10-29,7485284.0,335286.0
2025-10-30,7444662.0,334100.0
2025-10-31,7479963.0,311904.0
2025-11-03,7513259.0,314491.0
2025-11-04,7435537.0,301739.0
2025-11-05,7441116.0,303225.0
2025-11-06,7509166.0,312191.0
2025-11-07,7522074.0,308212.0
2025-11-10,7556601.0,309906.0
2025-11-11,7533496.0,315817.0
2025-11-12,7575000.0,324867.0
2025-11-13,7576482.0,317639.0
2025-11-14,7511924.0,310379.0
2025-11-17,7530857.0,316994.0
2025-11-18,7457322.0,321575.0
2025-11-19,7415639.0,310568.0
2025-11-20,7465174.0,312978.0
2025-11-21,7392057.0,307097.0
2025-11-24,7417730.0,302711.0
2025-11-25,7451191.0,306282.0
2025-11-26,7436308.0,294521.0
2025-11-27,7477334.0,302274.0
2025-11-28,7477005.0,303194.0
2025-12-01,7499531.0,301654.0
2025-12-02,7499397.0,305582.0
2025-12-03,7521977.0,302856.0
2025-12-04,7531937.0,299991.0
2025-12-05,7539815.0,303648.0
2025-12-08,7570894.0,310486.0
2025-12-09,7607134.0,313708.0
2025-12-10,7583246.0,303179.0
2025-12-11,7565784.0,307829.0
2025-12-12,7592537.0,307405.0
2025-12-15,7629353.0,304195.0
2025-12-16,7628538.0,296807.0
2025-12-17,7656716.0,302030.0
2025-12-18,7652210.0,300546.0
2025-12-19,7680390.0,301842.0
2025-12-22,7690065.0,281725.0
2025-12-23,7710195.0,279705.0
2025-12-24,7739580.0,290092.0
2025-12-26,7801489.0,305768.0
2025-12-29,7793645.0,306845.0
2025-12-30,7813048.0,312563.0
2025-12-31,7898473.0,313936.0
2026-01-02,7909125.0,325390.0
2026-01-05,7961892.0,327346.0
2026-01-06,8016413.0,353904.0
2026-01-07,8060753.0,344163.0
2026-01-08,7994320.0,341763.0
2026-01-09,7949600.0,317258.0
2026-01-12,8058859.0,319182.0
2026-01-13,7998293.0,326559.0
2026-01-14,8040168.0,323345.0
2026-01-15,8045393.0,337855.0
2026-01-16,8129811.0,321614.0
2026-01-19,8245019.0,315084.0
2026-01-20,8214287.0,312100.0
