Date,TX_Price,TX_OI,Margin_Balance_Billion,ANC_Ratio_Min_Top4,ANC_Ratio_Min,CP_Rate
2024-01-02,17853.0,74521.0,248.5,,,1.45
2024-02-01,18012.0,72145.0,252.3,,,1.46
2024-03-01,18950.0,78652.0,265.8,,,1.48
2024-04-01,20250.0,82341.0,280.4,,,1.52
2024-05-02,20450.0,85632.0,295.2,,,1.55
2024-06-03,21500.0,89521.0,310.5,,,1.58
2024-07-01,23050.0,92145.0,335.8,,,1.6
2024-08-01,22500.0,90123.0,320.4,,,1.62
2024-09-02,21050.0,88654.0,305.2,,,1.63
2024-10-01,22300.0,87452.0,315.8,,,1.65
2024-11-01,23150.0,86521.0,325.4,,,1.64
2024-12-02,22850.0,85412.0,330.2,,,1.65
2025-01-02,23500.0,84521.0,340.5,,,1.66
2025-02-03,24100.0,83652.0,355.8,,,1.67
2025-03-03,25200.0,85632.0,370.4,,,1.68
2025-04-01,26500.0,88521.0,390.2,,,1.7
2026-01-02,38500.0,82145.0,450.8,,,1.65
2026-02-02,39200.0,83654.0,465.2,,,1.64
2026-03-02,40500.0,85412.0,480.5,,,1.63
2026-04-01,41200.0,86521.0,490.2,,,1.62
2026-05-13,41695.0,87671.0,494.42,33.59,32.87,1.62
2026-05-14,41469.0,86783.0,91.39,33.59,32.87,1.62
2026-05-15,41602.0,83666.0,91.0,23.08,21.89,1.62
2026-05-16,41012.0,75507.0,90.39,23.08,21.89,1.62
2026-05-17,41012.0,75507.0,90.39,23.08,21.89,1.62
2026-05-18,41012.0,75507.0,90.39,23.08,21.89,1.62
2026-05-19,40807.0,42895.0,91.49,23.08,21.89,1.62
2026-05-20,40248.0,17052.0,90.76,23.08,21.89,1.62
2026-05-21,40078.0,10497.0,90.57,23.08,21.89,1.62
2026-05-22,41473.0,81626.0,,23.08,21.89,1.62
2026-05-23,42442.0,82109.0,92.36,23.08,21.89,1.62
2026-05-24,42442.0,82109.0,92.36,23.08,21.89,1.62
2026-05-25,42442.0,82109.0,92.36,23.08,21.89,1.62
2026-05-26,43877.0,86161.0,92.74,23.08,21.89,1.62
2026-05-27,43893.0,87668.0,91.75,23.08,21.89,1.62
2026-05-28,44798.0,88791.0,91.56,23.08,21.89,1.62
2026-05-29,43842.0,92824.0,91.13,23.08,21.89,1.62
2026-05-30,45285.0,91961.0,93.09,23.08,21.89,1.62
2026-05-31,45285.0,91961.0,93.09,23.08,21.89,1.62
2026-06-02,45285.0,91961.0,93.09,23.08,21.89,1.62
2026-06-03,46035.0,94962.0,93.92,23.08,21.89,1.62
2026-06-04,46868.0,96784.0,,23.08,21.89,1.62
2026-06-05,46294.0,98581.0,94.06,23.08,21.89,1.62
2026-06-06,45211.0,96005.0,92.9,23.08,21.89,1.62
2026-06-07,45211.0,96005.0,92.9,23.08,21.89,1.62
2026-06-08,45211.0,96005.0,92.9,23.08,21.89,1.62
2026-06-09,43080.0,91436.0,90.67,23.08,21.89,1.62
2026-06-10,44665.0,86704.0,91.77,23.08,21.89,1.62
2026-06-11,43422.0,82895.0,90.42,23.08,21.89,1.62
2026-06-12,43241.0,77902.0,90.73,23.08,21.89,1.62
2026-06-13,44188.0,71366.0,90.89,23.08,21.89,1.62
2026-06-14,44188.0,71366.0,90.89,23.08,21.89,1.62
2026-06-16,44188.0,71366.0,,23.08,21.89,1.62
2026-06-17,45772.0,21508.0,91.81,16.76,16.76,1.62
2026-06-18,45668.0,10304.0,93.06,16.76,16.76,1.62
2026-06-19,46769.0,92786.0,93.45,16.76,16.76,1.62
2026-06-20,46769.0,92786.0,93.45,16.76,16.76,1.62
2026-06-21,46769.0,92786.0,93.45,16.76,16.76,1.62
2026-06-23,48413.0,97365.0,94.62,16.76,16.76,1.62
2026-06-24,47436.0,100889.0,93.01,16.76,16.76,1.62
2026-06-25,46387.0,104070.0,94.69,16.76,16.76,1.62
2026-06-26,46544.0,101138.0,95.12,16.76,16.76,1.62
2026-06-27,44373.0,101073.0,93.28,16.76,16.76,1.62
2026-06-28,44373.0,101073.0,93.28,16.76,16.76,1.62
2026-06-29,44373.0,101073.0,93.28,16.76,16.76,1.62
2026-06-30,45550.0,100919.0,93.86,16.76,16.76,1.62
2026-07-01,46730.0,104145.0,94.35,16.76,16.76,1.62
2026-07-02,47231.0,105030.0,94.15,16.76,16.76,1.62
2026-07-03,46599.0,104510.0,95.3,16.76,16.76,1.62
2026-07-04,46966.0,103141.0,96.19,16.76,16.76,1.62
2026-07-05,46966.0,103141.0,96.19,16.76,16.76,1.62
2026-07-06,46966.0,103141.0,96.19,16.76,16.76,1.62
2026-07-07,46886.0,100870.0,95.79,16.76,16.76,1.62
2026-07-08,45775.0,100160.0,95.32,16.76,16.76,1.62
2026-07-09,45564.0,96273.0,95.91,16.76,16.76,1.62
2026-07-10,45678.0,91340.0,,16.76,16.76,1.62
2026-07-11,45678.0,91340.0,96.15,16.76,16.76,1.62
2026-07-12,45678.0,91340.0,,16.76,16.76,1.62
2026-07-13,45678.0,91340.0,96.15,16.76,16.76,1.62
2026-07-14,45617.0,53129.0,96.03,16.76,16.76,1.62
2026-07-15,44815.0,20062.0,94.66,16.76,16.76,1.62
2026-07-16,45830.0,10992.0,,23.3,20.85,1.62
2026-07-17,45700.0,106669.0,,23.3,20.85,1.62
2026-07-18,42725.0,110864.0,93.49,23.3,20.85,1.62
2026-07-19,42725.0,110864.0,93.49,23.3,20.85,1.62
2026-07-20,42725.0,110864.0,93.49,23.3,20.85,1.62
2026-07-21,42641.0,107003.0,92.71,23.3,20.85,1.62
2026-07-22,44377.0,106920.0,93.59,23.3,20.85,1.62
2026-07-23,,,93.55,,,1.62
2026-07-24,44930.0,103097.0,93.5,23.3,20.85,1.62
2026-07-25,43905.0,102415.0,93.55,23.3,20.85,1.62
2026-07-26,43905.0,102415.0,93.55,23.3,20.85,1.62
2026-07-27,43905.0,102415.0,93.55,23.3,20.85,1.62
2026-07-28,43907.0,103970.0,92.72,23.3,20.85,1.62
2026-07-29,41613.0,104993.0,90.96,23.3,20.85,1.62
2026-07-30,40392.0,108507.0,87.65,23.3,20.85,1.62
2026-07-31,40270.0,108640.0,87.01,23.3,20.85,1.62
2026-08-01,43678.0,111302.0,91.44,23.3,20.85,1.62
2026-08-02,43678.0,111302.0,91.44,23.3,20.85,1.62
2026-08-03,43678.0,111302.0,91.44,23.3,20.85,1.62
2026-08-04,43230.0,109589.0,91.21,23.3,20.85,1.62
2026-08-05,43357.0,106602.0,90.32,23.3,20.85,1.62
2026-08-06,44514.0,106247.0,89.01,23.3,20.85,1.62
2026-08-07,44280.0,106827.0,89.58,23.3,20.85,1.62
2026-08-08,44349.0,102679.0,89.86,23.3,20.85,1.62
2026-08-09,44349.0,102679.0,,23.3,20.85,1.62
2026-08-10,44349.0,102679.0,89.86,23.3,20.85,1.62
2026-08-11,44987.0,101913.0,90.03,23.3,20.85,1.62
2026-08-12,45090.0,99034.0,89.71,23.3,20.85,1.62
2026-08-13,45528.0,95311.0,89.61,23.3,20.85,1.62
2026-08-14,46005.0,92571.0,89.7,23.3,20.85,1.62
2026-08-15,45841.0,84339.0,89.18,23.3,20.85,1.62
2026-08-16,45841.0,84339.0,89.18,23.3,20.85,1.62
