Date,Total_Working_Capital_Mln,Individual_Working_Capital_Mln
1997-01,4867421.0,1325060.0
1997-02,4926258.0,1346595.0
1997-03,4930799.0,1373922.0
1997-04,5004838.0,1407435.0
1997-05,5015409.0,1422304.0
1997-06,5260993.0,1462496.0
1997-07,5283849.0,1490584.0
1997-08,5424272.0,1520273.0
1997-09,5532003.0,1586024.0
1997-10,5526669.0,1622996.0
1997-11,5703127.0,1647151.0
1997-12,5841646.0,1728791.0
1998-01,6079359.0,1709114.0
1998-02,5924984.0,1709013.0
1998-03,5916104.0,1714124.0
1998-04,5857828.0,1724340.0
1998-05,5905900.0,1734143.0
1998-06,6052143.0,1782417.0
1998-07,5988620.0,1796997.0
1998-08,6012687.0,1813144.0
1998-09,6105945.0,1814645.0
1998-10,6053670.0,1818121.0
1998-11,6247185.0,1844725.0
1998-12,6273097.0,1853225.0
1999-01,6284308.0,1847868.0
1999-02,6318161.0,1832956.0
1999-03,6313773.0,1825213.0
1999-04,6336717.0,1786278.0
1999-05,6364578.0,1785949.0
1999-06,6557885.0,1807207.0
1999-07,6487544.0,1822878.0
1999-08,6465567.0,1829907.0
1999-09,6585210.0,1838410.0
1999-10,6517589.0,1803381.0
1999-11,6664551.0,1818938.0
1999-12,6805006.0,1853179.0
2000-01,6837434.0,1846690.0
2000-02,6836377.0,1847448.0
2000-03,6909984.0,1852753.0
2000-04,6928220.0,1847005.0
2000-05,6989210.0,1859504.0
2000-06,7083716.0,1865746.0
2000-07,7106797.0,1883775.0
2000-08,7050151.0,1885407.0
2000-09,7091499.0,1883237.0
2000-10,7189250.0,1891733.0
2000-11,7189261.0,1885973.0
2000-12,7287847.0,1890842.0
2001-01,7239553.0,1877412.0
2001-02,7165161.0,1844901.0
2001-03,7171755.0,1843384.0
2001-04,7097593.0,1838443.0
2001-05,7062978.0,1833751.0
2001-06,7149492.0,1843776.0
2001-07,7129842.0,1817377.0
2001-08,7028826.0,1814087.0
2001-09,7094210.0,1855054.0
2001-10,7045094.0,1838004.0
2001-11,7049852.0,1823311.0
2001-12,7318836.0,1856892.0
2002-01,7312425.0,1836731.0
2002-02,7251605.0,1808325.0
2002-03,7138551.0,1784142.0
2002-04,7164465.0,1770531.0
2002-05,7150443.0,1776642.0
2002-06,7177860.0,1784861.0
2002-07,7107763.0,1782855.0
2002-08,7164409.0,1771825.0
2002-09,7230378.0,1777135.0
2002-10,7157946.0,1772767.0
2002-11,7146362.0,1781348.0
2002-12,7322716.0,1827441.0
2003-01,7286783.0,1800972.0
2003-02,7271738.0,1798534.0
2003-03,7248773.0,1789331.0
2003-04,7297968.0,1805017.0
2003-05,7333553.0,1844546.0
2003-06,7500114.0,1878476.0
2003-07,7411508.0,1905911.0
2003-08,7401824.0,1931948.0
2003-09,7498624.0,1974381.0
2003-10,7476386.0,2001728.0
2003-11,7616994.0,2056152.0
2003-12,7835026.0,2115478.0
2004-01,7856188.0,2074427.0
2004-02,7877972.0,2087652.0
2004-03,7921074.0,2129197.0
2004-04,7993074.0,2161223.0
2004-05,8119272.0,2174645.0
2004-06,8116065.0,2230491.0
2004-07,8152697.0,2244804.0
2004-08,8151932.0,2279724.0
2004-09,8180631.0,2319923.0
2004-10,8168104.0,2337540.0
2004-11,8363220.0,2385595.0
2004-12,8519318.0,2451021.0
2005-01,8458576.0,2444529.0
2005-02,8482002.0,2465285.0
2005-03,8592741.0,2499706.0
2005-04,8538690.0,2523592.0
2005-05,8662560.0,2565111.0
2005-06,8750681.0,2595983.0
2005-07,8683755.0,2613434.0
2005-08,8681142.0,2609980.0
2005-09,8841943.0,2641227.0
2005-10,8726791.0,2640736.0
2005-11,8806482.0,2644905.0
2005-12,9052754.0,2673371.0
2006-01,9090076.0,2645616.0
2006-02,9098600.0,2623936.0
2006-03,9048688.0,2576072.0
2006-04,9027914.0,2536387.0
2006-05,9110868.0,2527351.0
2006-06,9047175.0,2500593.0
2006-07,8859211.0,2471434.0
2006-08,8778115.0,2431382.0
2006-09,8801719.0,2397586.0
2006-10,8768104.0,2378250.0
2006-11,8768923.0,2364963.0
2006-12,8879975.0,2378221.0
2007-01,8928195.0,2344244.0
2007-02,8988722.0,2316873.0
2007-03,8954986.0,2289698.0
2007-04,8928806.0,2281251.0
2007-05,8906027.0,2276495.0
2007-06,8839644.0,2271157.0
2007-07,8850115.0,2283128.0
2007-08,8769402.0,2261863.0
2007-09,8821055.0,2248005.0
2007-10,8747989.0,2233869.0
2007-11,8715983.0,2238554.0
2007-12,8810371.0,2249810.0
2008-01,8848062.0,2223366.0
2008-02,8811312.0,2197274.0
2008-03,8855050.0,2177886.0
2008-04,8816763.0,2170172.0
2008-05,8883682.0,2168994.0
2008-06,8930831.0,2172288.0
2008-07,9007490.0,2205861.0
2008-08,8985325.0,2196816.0
2008-09,9058981.0,2187516.0
2008-10,9122792.0,2175551.0
2008-11,8992943.0,2081023.0
2008-12,8913172.0,2091872.0
2009-01,8764472.0,2019474.0
2009-02,8598902.0,1993427.0
2009-03,8528146.0,1974500.0
2009-04,8505933.0,1970454.0
2009-05,8454335.0,1953756.0
2009-06,8472002.0,1964104.0
2009-07,8451427.0,1945389.0
2009-08,8522544.0,1939786.0
2009-09,8530964.0,1939744.0
2009-10,8428618.0,1934417.0
2009-11,8554033.0,1945361.0
2009-12,8795852.0,1984111.0
2010-01,8831185.0,1963890.0
2010-02,8811119.0,1959600.0
2010-03,8744430.0,1961634.0
2010-04,8802552.0,1970008.0
2010-05,8873025.0,1993451.0
2010-06,8913377.0,2014932.0
2010-07,9009933.0,2012814.0
2010-08,9133882.0,2020139.0
2010-09,9106983.0,2035952.0
2010-10,9158642.0,2042559.0
2010-11,9166961.0,2062034.0
2010-12,9374580.0,2094580.0
2011-01,9634308.0,2088376.0
2011-02,9622916.0,2075142.0
2011-03,9614753.0,2092143.0
2011-04,9608985.0,2105015.0
2011-05,9727916.0,2120155.0
2011-06,9679643.0,2131217.0
2011-07,9721792.0,2120516.0
2011-08,9875558.0,2154438.0
2011-09,9892423.0,2155426.0
2011-10,9862300.0,2169219.0
2011-11,9876885.0,2185938.0
2011-12,9901271.0,2218576.0
2012-01,10024732.0,2200499.0
2012-02,10009125.0,2211425.0
2012-03,10062941.0,2222503.0
2012-04,10108341.0,2245227.0
2012-05,10095385.0,2287969.0
2012-06,9852444.0,2308338.0
2012-07,9957238.0,2321528.0
2012-08,9952004.0,2327984.0
2012-09,9967990.0,2346094.0
2012-10,10045040.0,2361993.0
2012-11,9966557.0,2389621.0
2012-12,10167370.0,2441952.0
2013-01,10160379.0,2426523.0
2013-02,10198063.0,2423619.0
2013-03,10214356.0,2432947.0
2013-04,10205296.0,2461059.0
2013-05,10101693.0,2498752.0
2013-06,10195285.0,2538908.0
2013-07,10345875.0,2561135.0
2013-08,10320367.0,2579208.0
2013-09,10393894.0,2604543.0
2013-10,10408844.0,2639117.0
2013-11,10468127.0,2673461.0
2013-12,10482764.0,2725597.0
2014-01,10627836.0,2719944.0
2014-02,10651511.0,2726634.0
2014-03,10710239.0,2756911.0
2014-04,10814041.0,2792442.0
2014-05,10762368.0,2831812.0
2014-06,10704248.0,2872974.0
2014-07,10824297.0,2899700.0
2014-08,10866223.0,2924472.0
2014-09,10969758.0,2953436.0
2014-10,11005487.0,2978522.0
2014-11,10996703.0,3010223.0
2014-12,11057168.0,3068768.0
2015-01,10982032.0,3076208.0
2015-02,11133248.0,3081721.0
2015-03,11223715.0,3109429.0
2015-04,11187641.0,3140705.0
2015-05,11142892.0,3178697.0
2015-06,11020655.0,3218378.0
2015-07,11191305.0,3241874.0
2015-08,11244945.0,3260820.0
2015-09,11381949.0,3283332.0
2015-10,11335445.0,3308129.0
2015-11,11390606.0,3346017.0
2015-12,11417312.0,3402667.0
2016-01,11384334.0,3391119.0
2016-02,11435048.0,3389818.0
2016-03,11530069.0,3412179.0
2016-04,11465262.0,3433447.0
2016-05,11383483.0,3466449.0
2016-06,11431753.0,3498742.0
2016-07,11472951.0,3511850.0
2016-08,11695822.0,3536305.0
2016-09,11811608.0,3555072.0
2016-10,11797903.0,3578892.0
2016-11,11849426.0,3618616.0
2016-12,11911271.0,3678255.0
2017-01,11937345.0,3668162.0
2017-02,11976809.0,3677134.0
2017-03,12022650.0,3712274.0
2017-04,12086296.0,3747147.0
2017-05,12145916.0,3788104.0
2017-06,12110330.0,3831887.0
2017-07,12219601.0,3849364.0
2017-08,12434293.0,3876683.0
2017-09,12510517.0,3906589.0
2017-10,12509559.0,3931810.0
2017-11,12568841.0,3977818.0
2017-12,12583437.0,4033835.0
2018-01,12564019.0,4048417.0
2018-02,12642935.0,4047502.0
2018-03,12756372.0,4073872.0
2018-04,12741247.0,4104941.0
2018-05,12880362.0,4144246.0
2018-06,12975681.0,4178285.0
2018-07,12870289.0,4200314.0
2018-08,13095450.0,4229520.0
2018-09,13222772.0,4252409.0
2018-10,13158008.0,4289192.0
2018-11,13352148.0,4327106.0
2018-12,13332837.0,4371653.0
2019-01,13478040.0,4368494.0
2019-02,13412669.0,4351241.0
2019-03,13304062.0,4370948.0
2019-04,13303533.0,4397501.0
2019-05,13460326.0,4433266.0
2019-06,13414616.0,4460467.0
2019-07,13483903.0,4476031.0
2019-08,13589598.0,4494140.0
2019-09,13774134.0,4516346.0
2019-10,13778172.0,4546092.0
2019-11,13819499.0,4581152.0
2019-12,13765880.0,4629578.0
2020-01,13857141.0,4620291.0
2020-02,13908227.0,4636180.0
2020-03,13946800.0,4680583.0
2020-04,13983196.0,4720763.0
2020-05,14142014.0,4807593.0
2020-06,14324594.0,4859038.0
2020-07,14285921.0,4879877.0
2020-08,14378914.0,4892543.0
2020-09,14422590.0,4920078.0
2020-10,14471851.0,4935893.0
2020-11,14446165.0,4975019.0
2020-12,14418002.0,5029338.0
2021-01,14482027.0,5037129.0
2021-02,14546199.0,5034031.0
2021-03,14692802.0,5060896.0
2021-04,14610528.0,5097685.0
2021-05,14878888.0,5146238.0
2021-06,15213161.0,5218060.0
2021-07,15065397.0,5242908.0
2021-08,15226382.0,5269252.0
2021-09,15411419.0,5291551.0
2021-10,15337606.0,5319684.0
2021-11,15387121.0,5366273.0
2021-12,15455888.0,5431535.0
2022-01,15712301.0,5433837.0
2022-02,15698293.0,5444332.0
2022-03,15819192.0,5503397.0
2022-04,16050356.0,5547295.0
2022-05,16128340.0,5583182.0
2022-06,16327501.0,5613885.0
2022-07,16268807.0,5633559.0
2022-08,16467946.0,5655648.0
2022-09,16744554.0,5675104.0
2022-10,16764520.0,5705497.0
2022-11,16776411.0,5751140.0
2022-12,16825859.0,5805143.0
2023-01,16796046.0,5783908.0
2023-02,16682550.0,5802146.0
2023-03,16918170.0,5841859.0
2023-04,16841132.0,5872008.0
2023-05,17001236.0,5926381.0
2023-06,16790571.0,5978528.0
2023-07,16975390.0,6008724.0
2023-08,17118040.0,6042184.0
2023-09,17279133.0,6083492.0
2023-10,17132100.0,6135043.0
2023-11,17302767.0,6202100.0
2023-12,17489797.0,6297177.0
2024-01,17469906.0,6357250.0
2024-02,17711524.0,6385143.0
2024-03,17977732.0,6479944.0
2024-04,17985526.0,6558788.0
2024-05,18232075.0,6651105.0
2024-06,18126697.0,6748429.0
2024-07,18530526.0,6856499.0
2024-08,18672139.0,6965484.0
2024-09,19006662.0,7067938.0
2024-10,18993578.0,7140556.0
2024-11,19001062.0,7227219.0
2024-12,19149160.0,7329587.0
2025-01,19409490.0,7360475.0
2025-02,19425566.0,7413123.0
2025-03,19676589.0,7495682.0
2025-04,19675568.0,7589038.0
2025-05,19564323.0,7660432.0
2025-06,19754060.0,7739458.0
2025-07,19984537.0,7795625.0
2025-08,20068919.0,7863681.0
2025-09,20335194.0,7945704.0
2025-10,20285209.0,8013442.0
2025-11,20287141.0,8110506.0
2025-12,20578645.0,8225634.0
2026-01,20879164.0,8324206.0
2026-02,21296877.0,8351383.0
2026-03,21854127.0,8490606.0
2026-04,22056308.0,8630499.0
2026-05,22400692.0,8796197.0
2026-06,22724322.0,8983800.0
