Date,Close,VIX,VIX9D,VIX1D,GVZ
2014/6/19,20.78,,,,
2014/6/20,20.44,,,,
2014/6/23,20.84,,,,
2014/6/24,20.53,,,,
2014/6/25,21.11,,,,
2014/6/26,20.91,,,,
2014/6/27,21.33,,,,
2014/6/30,22.66,,,,
2014/7/1,22.33,,,,
2014/7/2,22.36,,,,
2014/7/3,23.04,,,,
2014/7/7,23.24,,,,
2014/7/8,24.4,,,,
2014/7/9,24.83,,,,
2014/7/10,23.88,,,,
2014/7/11,23.91,,,,
2014/7/14,23.92,,,,
2014/7/15,24.34,,,,
2014/7/16,24.24,,,,
2014/7/17,25.26,,,,
2014/7/18,23.61,,,,
2014/7/21,24.05,,,,
2014/7/22,23.18,,,,
2014/7/23,20.98,,,,
2014/7/24,20.75,,,,
2014/7/25,20.52,,,,
2014/7/28,20.94,,,,
2014/7/29,20.53,,,,
2014/7/30,20.48,,,,
2014/7/31,22.68,,,,
2014/8/1,23.51,,,,
2014/8/4,22.85,,,,
2014/8/5,23.66,,,,
2014/8/6,23.9,,,,
2014/8/7,23.08,,,,
2014/8/8,22.67,,,,
2014/8/11,22.09,,,,
2014/8/12,21.57,,,,
2014/8/13,20.54,,,,
2014/8/14,20.14,,,,
2014/8/15,19.9,,,,
2014/8/18,19.14,,,,
2014/8/19,18.63,,,,
2014/8/20,18.55,,,,
2014/8/21,18.43,,,,
2014/8/22,18.41,,,,
2014/8/25,18.84,,,,
2014/8/26,18.77,,,,
2014/8/27,19,,,,
2014/8/28,19.4,,,,
2014/8/29,19.6,,,,
2014/9/2,20.29,,,,
2014/9/3,21.93,,,,
2014/9/4,21.62,,,,
2014/9/5,21.67,,,,
2014/9/8,22.2,,,,
2014/9/9,21.95,,,,
2014/9/10,21.18,,,,
2014/9/11,20.75,,,,
2014/9/12,21.54,,,,
2014/9/15,21.94,,,,
2014/9/16,21.5,,,,
2014/9/17,21.07,,,,
2014/9/18,23.27,,,,
2014/9/19,22.83,,,,
2014/9/22,23.25,,,,
2014/9/23,23.45,,,,
2014/9/24,23.27,,,,
2014/9/25,25.28,,,,
2014/9/26,24.34,,,,
2014/9/29,25.71,,,,
2014/9/30,25.72,,,,
2014/10/1,27.14,,,,
2014/10/2,27.06,,,,
2014/10/3,26,,,,
2014/10/6,26.65,,,,
2014/10/7,27.95,,,,
2014/10/8,27.6,,,,
2014/10/9,29.21,,,,
2014/10/10,31.18,,,,
2014/10/13,34.97,,,,
2014/10/14,34.66,,,,
2014/10/15,36.43,,,,
2014/10/16,36.62,,,,
2014/10/17,32.91,,,,
2014/10/20,31.02,,,,
2014/10/21,27.95,,,,
2014/10/22,28.24,,,,
2014/10/23,27.02,,,,
2014/10/24,25.72,,,,
2014/10/27,26.37,,,,
2014/10/28,25.28,,,,
2014/10/29,24.52,,,,
2014/10/30,24.02,,,,
2014/10/31,23.66,,,,
2014/11/3,24.24,,,,
2014/11/4,24.3,,,,
2014/11/5,24.37,,,,
2014/11/6,24,,,,
2014/11/7,23.44,,,,
2014/11/10,23.15,,,,
2014/11/11,22.77,,,,
2014/11/12,23,,,,
2014/11/13,23.15,,,,
2014/11/14,23.78,,,,
2014/11/17,24.83,,,,
2014/11/18,24.23,,,,
2014/11/19,23.94,,,,
2014/11/20,23.99,,,,
2014/11/21,23.6,,,,
2014/11/24,22.52,,,,
2014/11/25,22.67,,,,
2014/11/26,22.6,,,,
2014/11/28,23.81,,,,
2014/12/1,25.6,,,,
2014/12/2,25.08,,,,
2014/12/3,24.63,,,,
2014/12/4,24.74,,,,
2014/12/5,24.32,,,,
2014/12/8,26.22,,,,
2014/12/9,26.58,,,,
2014/12/10,28.88,,,,
2014/12/11,27.09,,,,
2014/12/12,29.69,,,,
2014/12/15,31.48,,,,
2014/12/16,33.49,,,,
2014/12/17,31.55,,,,
2014/12/18,27.41,,,,
2014/12/19,26.21,,,,
2014/12/22,25.66,,,,
2014/12/23,25.58,,,,
2014/12/24,25.63,,,,
2014/12/26,25.72,,,,
2014/12/29,26.43,,,,
2014/12/30,26.33,,,,
2014/12/31,27.27,,,,
2015/1/2,27.89,,,,
2015/1/5,30.43,,,,
2015/1/6,31.26,,,,
2015/1/7,30.35,,,,
2015/1/8,30.11,,,,
2015/1/9,30.12,,,,
2015/1/12,31.28,,,,
2015/1/13,31.23,,,,
2015/1/14,31.97,,,,
2015/1/15,32.64,,,,
2015/1/16,31.11,,,,
2015/1/20,29.61,,,,
2015/1/21,28.58,,,,
2015/1/22,27.15,,,,
2015/1/23,26.79,,,,
2015/1/26,27.81,,,,
2015/1/27,29.03,,,,
2015/1/28,28.82,,,,
2015/1/29,27.77,,,,
2015/1/30,27.89,,,,
2015/2/2,27.65,,,,
2015/2/3,26.23,,,,
2015/2/4,26.14,,,,
2015/2/5,25.1,,,,
2015/2/6,25.41,,,,
2015/2/9,25.97,,,,
2015/2/10,25.02,,,,
2015/2/11,23.94,,,,
2015/2/12,23.54,,,,
2015/2/13,23.23,,,,
2015/2/17,24.24,,,,
2015/2/18,23.83,,,,
2015/2/19,23.67,,,,
2015/2/20,23.19,,,,
2015/2/23,23.03,,,,
2015/2/24,22.52,,,,
2015/2/25,22.62,,,,
2015/2/26,22.97,,,,
2015/2/27,22.94,,,,
2015/3/2,23.15,,,,
2015/3/3,23.36,,,,
2015/3/4,23.79,,,,
2015/3/5,23.71,,,,
2015/3/6,24.64,,,,
2015/3/9,24.62,,,,
2015/3/10,25.74,,,,
2015/3/11,24.5,,,,
2015/3/12,24.03,,,,
2015/3/13,24.61,,,,
2015/3/16,24.83,,,,
2015/3/17,25.04,,,,
2015/3/18,24.18,,,,
2015/3/19,23.97,,,,
2015/3/20,22.92,,,,
2015/3/23,23.19,,,,
2015/3/24,23.2,,,,
2015/3/25,25.02,,,,
2015/3/26,25.65,,,,
2015/3/27,25.92,,,,
2015/3/30,25.65,,,,
2015/3/31,26.28,,,,
2015/4/1,26.83,,,,
2015/4/2,26.17,,,,
2015/4/6,27.09,,,,
2015/4/7,26.56,,,,
2015/4/8,27.52,,,,
2015/4/9,27.29,,,,
2015/4/10,27.1,,,,
2015/4/13,27.6,,,,
2015/4/14,27.69,,,,
2015/4/15,27.01,,,,
2015/4/16,26.8,,,,
2015/4/17,27.77,,,,
2015/4/20,25.88,,,,
2015/4/21,25.71,,,,
2015/4/22,25.43,,,,
2015/4/23,24.72,,,,
2015/4/24,23.78,,,,
2015/4/27,24.35,,,,
2015/4/28,23.64,,,,
2015/4/29,23.97,,,,
2015/4/30,24.92,,,,
2015/5/1,23.52,,,,
2015/5/4,22.92,,,,
2015/5/5,23.6,,,,
2015/5/6,23.35,,,,
2015/5/7,22.85,,,,
2015/5/8,21.26,,,,
2015/5/11,21.52,,,,
2015/5/12,22.12,,,,
2015/5/13,21.41,,,,
2015/5/14,20.82,,,,
2015/5/15,20.42,,,,
2015/5/18,19.62,,,,
2015/5/19,19.71,,,,
2015/5/20,19.82,,,,
2015/5/21,19.72,,,,
2015/5/22,19.32,,,,
2015/5/26,21.29,,,,
2015/5/27,20.63,,,,
2015/5/28,20.7,,,,
2015/5/29,20.92,,,,
2015/6/1,20.8,,,,
2015/6/2,20.83,,,,
2015/6/3,20.74,,,,
2015/6/4,21.72,,,,
2015/6/5,21.45,,,,
2015/6/8,22.11,,,,
2015/6/9,22.05,,,,
2015/6/10,19.82,,,,
2015/6/11,19.8,,,,
2015/6/12,20.38,,,,
2015/6/15,21.9,,,,
2015/6/16,21.79,,,,
2015/6/17,21.89,,,,
2015/6/18,21.13,,,,
2015/6/19,20.92,,,,
2015/6/22,19.95,,,,
2015/6/23,20.47,,,,
2015/6/24,20.89,,,,
2015/6/25,21.34,,,,
2015/6/26,21.8,,,,
2015/6/29,25.39,,,,
2015/6/30,24.9,,,,
2015/7/1,24.3,,,,
2015/7/2,24.38,,,,
2015/7/6,25.57,,,,
2015/7/7,25.96,,,,
2015/7/8,28.24,,,,
2015/7/9,28.55,,,,
2015/7/10,27.43,,,,
2015/7/13,26.05,,,,
2015/7/14,25.64,,,,
2015/7/15,25.43,,,,
2015/7/16,24.44,,,,
2015/7/17,25.49,,,,
2015/7/20,26.61,,,,
2015/7/21,26.17,,,,
2015/7/22,24.97,,,,
2015/7/23,25.71,,,,
2015/7/24,26.42,,,,
2015/7/27,27.22,,,,
2015/7/28,25.9,,,,
2015/7/29,24.62,,,,
2015/7/30,23.44,,,,
2015/7/31,23.8,,,,
2015/8/3,24.77,,,,
2015/8/4,25.03,,,,
2015/8/5,24.67,,,,
2015/8/6,26.18,,,,
2015/8/7,26.35,,,,
2015/8/10,24.98,,,,
2015/8/11,26.76,,,,
2015/8/12,26.12,,,,
2015/8/13,25.35,,,,
2015/8/14,24.91,,,,
2015/8/17,25.09,,,,
2015/8/18,24.86,,,,
2015/8/19,25.71,,,,
2015/8/20,29.56,,,,
2015/8/21,36.6,,,,
2015/8/24,47.04,,,,
2015/8/25,44.9,,,,
2015/8/26,38.74,,,,
2015/8/27,35.67,,,,
2015/8/28,35.55,,,,
2015/8/31,36.24,,,,
2015/9/1,41.79,,,,
2015/9/2,37.11,,,,
2015/9/3,35.89,,,,
2015/9/4,37.82,,,,
2015/9/8,35.52,,,,
2015/9/9,34.11,,,,
2015/9/10,33.89,,,,
2015/9/11,33.19,,,,
2015/9/14,34.26,,,,
2015/9/15,32.31,,,,
2015/9/16,31.24,,,,
2015/9/17,30.02,,,,
2015/9/18,31.06,,,,
2015/9/21,29.9,,,,
2015/9/22,31.95,,,,
2015/9/23,31.61,,,,
2015/9/24,32.88,,,,
2015/9/25,33.08,,,,
2015/9/28,37.96,,,,
2015/9/29,38.04,,,,
2015/9/30,35.29,,,,
2015/10/1,35.23,,,,
2015/10/2,34.08,,,,
2015/10/5,33.23,,,,
2015/10/6,33.18,,,,
2015/10/7,34.88,,,,
2015/10/8,34.69,,,,
2015/10/9,33.71,,,,
2015/10/12,33.12,,,,
2015/10/13,33.53,,,,
2015/10/14,32.71,,,,
2015/10/15,31.69,,,,
2015/10/16,30.64,,,,
2015/10/19,30.3,,,,
2015/10/20,30.77,,,,
2015/10/21,31.01,,,,
2015/10/22,30.3,,,,
2015/10/23,28.05,,,,
2015/10/26,29.59,,,,
2015/10/27,29.27,,,,
2015/10/28,26.71,,,,
2015/10/29,26.69,,,,
2015/10/30,26.32,,,,
2015/11/2,25.89,,,,
2015/11/3,25.76,,,,
2015/11/4,26.19,,,,
2015/11/5,26.11,,,,
2015/11/6,25.57,,,,
2015/11/9,26.57,,,,
2015/11/10,26.39,,,,
2015/11/11,24.98,,,,
2015/11/12,26.49,,,,
2015/11/13,28.14,,,,
2015/11/16,28.54,,,,
2015/11/17,28.24,,,,
2015/11/18,26.86,,,,
2015/11/19,27.33,,,,
2015/11/20,26.29,,,,
2015/11/23,25.27,,,,
2015/11/24,25.62,,,,
2015/11/25,24.95,,,,
2015/11/27,25.51,,,,
2015/11/30,25.79,,,,
2015/12/1,25.46,,,,
2015/12/2,26.06,,,,
2015/12/3,27.69,,,,
2015/12/4,25.99,,,,
2015/12/7,27.07,,,,
2015/12/8,28.26,,,,
2015/12/9,27.33,,,,
2015/12/10,27.15,,,,
2015/12/11,31.18,,,,
2015/12/14,32.03,,,,
2015/12/15,30.61,,,,
2015/12/16,28.14,,,,
2015/12/17,28.12,,,,
2015/12/18,29.48,,,,
2015/12/21,27.85,,,,
2015/12/22,26.49,,,,
2015/12/23,25.44,,,,
2015/12/24,25.61,,,,
2015/12/28,27.19,,,,
2015/12/29,26.5,,,,
2015/12/30,26.89,,,,
2015/12/31,27.83,,,,
2016/1/4,32,,,,
2016/1/5,31.17,,,,
2016/1/6,33.05,,,,
2016/1/7,35.4,,,,
2016/1/8,35.46,,,,
2016/1/11,35.19,,,,
2016/1/12,33.74,,,,
2016/1/13,35.77,,,,
2016/1/14,34.76,,,,
2016/1/15,37.76,,,,
2016/1/19,36.49,,,,
2016/1/20,39.06,,,,
2016/1/21,37.14,,,,
2016/1/22,33.93,,,,
2016/1/25,35.79,,,,
2016/1/26,35.11,,,,
2016/1/27,35.21,,,,
2016/1/28,34.51,,,,
2016/1/29,30.59,,,,
2016/2/1,31.12,,,,
2016/2/2,31.69,,,,
2016/2/3,32.32,,,,
2016/2/4,32.18,,,,
2016/2/5,34.67,,,,
2016/2/8,37.4,,,,
2016/2/9,37.71,,,,
2016/2/10,36.1,,,,
2016/2/11,37.38,,,,
2016/2/12,35.54,,,,
2016/2/16,34.16,,,,
2016/2/17,32.24,,,,
2016/2/18,32.2,,,,
2016/2/19,30.96,,,,
2016/2/22,28.94,,,,
2016/2/23,29.68,,,,
2016/2/24,30.35,,,,
2016/2/25,29.27,,,,
2016/2/26,29.15,,,,
2016/2/29,29.5,,,,
2016/3/1,27.65,,,,
2016/3/2,27.19,,,,
2016/3/3,26.95,,,,
2016/3/4,26.79,,,,
2016/3/7,27.95,,,,
2016/3/8,28.55,,,,
2016/3/9,26.91,,,,
2016/3/10,27.33,,,,
2016/3/11,26.43,,,,
2016/3/14,27.06,,,,
2016/3/15,26.97,,,,
2016/3/16,26.43,,,,
2016/3/17,25.24,,,,
2016/3/18,25.49,,,,
2016/3/21,24.29,,,,
2016/3/22,24.55,,,,
2016/3/23,24.8,,,,
2016/3/24,25.26,,,,
2016/3/28,26.4,,,,
2016/3/29,25.91,,,,
2016/3/30,25.45,,,,
2016/3/31,25.9,,,,
2016/4/1,26.03,,,,
2016/4/4,26.85,,,,
2016/4/5,28.05,,,,
2016/4/6,28.42,,,,
2016/4/7,29.68,,,,
2016/4/8,28.96,,,,
2016/4/11,29.34,,,,
2016/4/12,29.26,,,,
2016/4/13,27.97,,,,
2016/4/14,27.82,,,,
2016/4/15,28.28,,,,
2016/4/18,27.12,,,,
2016/4/19,26.72,,,,
2016/4/20,26.33,,,,
2016/4/21,26.73,,,,
2016/4/22,25.35,,,,
2016/4/25,25.64,,,,
2016/4/26,25.64,,,,
2016/4/27,24.83,,,,
2016/4/28,25.63,,,,
2016/4/29,25.48,,,,
2016/5/2,24.93,,,,
2016/5/3,25.3,,,,
2016/5/4,25.62,,,,
2016/5/5,25.43,,,,
2016/5/6,25.13,,,,
2016/5/9,24.98,,,,
2016/5/10,23.71,,,,
2016/5/11,22.51,,,,
2016/5/12,23.19,,,,
2016/5/13,23.75,,,,
2016/5/16,24.07,,,,
2016/5/17,24.42,,,,
2016/5/18,24.47,,,,
2016/5/19,25.56,,,,
2016/5/20,23.58,,,,
2016/5/23,22.78,,,,
2016/5/24,21.92,,,,
2016/5/25,21.66,,,,
2016/5/26,21.47,,,,
2016/5/27,21.11,,,,
2016/5/31,22.22,,,,
2016/6/1,22.15,,,,
2016/6/2,21.88,,,,
2016/6/3,21.59,,,,
2016/6/6,22.35,,,,
2016/6/7,22.01,,,,
2016/6/8,20.67,,,,
2016/6/9,21.17,,,,
2016/6/10,22.42,,,,
2016/6/13,25.12,,,,
2016/6/14,26.07,,,,
2016/6/15,25.42,,,,
2016/6/16,27.53,,,,
2016/6/17,27.36,,,,
2016/6/20,25.49,,,,
2016/6/21,25.76,,,,
2016/6/22,27.51,,,,
2016/6/23,25.39,,,,
2016/6/24,30.74,,,,
2016/6/27,32.08,,,,
2016/6/28,28.46,,,,
2016/6/29,26.91,,,,
2016/6/30,26.34,,,,
2016/7/1,26.04,,,,
2016/7/5,28.22,,,,
2016/7/6,29.69,,,,
2016/7/7,29.49,,,,
2016/7/8,27.97,,,,
2016/7/11,27.72,,,,
2016/7/12,27.9,,,,
2016/7/13,27.32,,,,
2016/7/14,27.14,,,,
2016/7/15,26.55,,,,
2016/7/18,26.04,,,,
2016/7/19,26.12,,,,
2016/7/20,25.13,,,,
2016/7/21,25.39,,,,
2016/7/22,24.57,,,,
2016/7/25,25.4,,,,
2016/7/26,25.28,,,,
2016/7/27,24.66,,,,
2016/7/28,23.87,,,,
2016/7/29,21.31,,,,
2016/8/1,21.91,,,,
2016/8/2,22.98,,,,
2016/8/3,22.11,,,,
2016/8/4,21.66,,,,
2016/8/5,21.43,,,,
2016/8/8,21.64,,,,
2016/8/9,21.18,,,,
2016/8/10,19.5,,,,
2016/8/11,19.55,,,,
2016/8/12,19.39,,,,
2016/8/15,20.42,,,,
2016/8/16,21.11,,,,
2016/8/17,21.56,,,,
2016/8/18,21.16,,,,
2016/8/19,20.47,,,,
2016/8/22,19.78,,,,
2016/8/23,19.81,,,,
2016/8/24,20.88,,,,
2016/8/25,21.48,,,,
2016/8/26,21.32,,,,
2016/8/29,21.42,,,,
2016/8/30,21.77,,,,
2016/8/31,22.15,,,,
2016/9/1,22.38,,,,
2016/9/2,21.69,,,,
2016/9/6,22.75,,,,
2016/9/7,19.87,,,,
2016/9/8,20.04,,,,
2016/9/9,22.61,,,,
2016/9/12,22.95,,,,
2016/9/13,24.54,,,,
2016/9/14,22.86,,,,
2016/9/15,22.42,,,,
2016/9/16,22,,,,
2016/9/19,22.34,,,,
2016/9/20,22.65,,,,
2016/9/21,21.84,,,,
2016/9/22,21.44,,,,
2016/9/23,22.27,,,,
2016/9/26,24.51,,,,
2016/9/27,24.03,,,,
2016/9/28,23.97,,,,
2016/9/29,25.72,,,,
2016/9/30,24.73,,,,
2016/10/3,25.95,,,,
2016/10/4,26.37,,,,
2016/10/5,26.37,,,,
2016/10/6,26.62,,,,
2016/10/7,26.58,,,,
2016/10/10,26.87,,,,
2016/10/11,28.04,,,,
2016/10/12,28.73,,,,
2016/10/13,29.19,,,,
2016/10/14,28.96,,,,
2016/10/17,29.44,,,,
2016/10/18,28.66,,,,
2016/10/19,28.78,,,,
2016/10/20,28.04,,,,
2016/10/21,28.51,,,,
2016/10/24,27.13,,,,
2016/10/25,26.89,,,,
2016/10/26,26.44,,,,
2016/10/27,26.17,,,,
2016/10/28,25.7,,,,
2016/10/31,25.79,,,,
2016/11/1,27.2,,,,
2016/11/2,27.07,,,,
2016/11/3,27.36,,,,
2016/11/4,27.76,,,,
2016/11/7,25.65,,,,
2016/11/8,25.37,,,,
2016/11/9,23.06,,,,
2016/11/10,25.45,,,,
2016/11/11,25.21,,,,
2016/11/14,27.52,,,,
2016/11/15,26.22,,,,
2016/11/16,26.17,,,,
2016/11/17,25.57,,,,
2016/11/18,24.69,,,,
2016/11/21,22.87,,,,
2016/11/22,23.17,,,,
2016/11/23,22.93,,,,
2016/11/25,23.35,,,,
2016/11/28,24.07,,,,
2016/11/29,23.99,,,,
2016/11/30,24.3,,,,
2016/12/1,25.9,,,,
2016/12/2,25.14,,,,
2016/12/5,24.36,,,,
2016/12/6,24.18,,,,
2016/12/7,22.26,,,,
2016/12/8,23.01,,,,
2016/12/9,22.67,,,,
2016/12/12,23.81,,,,
2016/12/13,23.71,,,,
2016/12/14,23.47,,,,
2016/12/15,23.45,,,,
2016/12/16,22.89,,,,
2016/12/19,22.44,,,,
2016/12/20,22.22,,,,
2016/12/21,22.27,,,,
2016/12/22,21.73,,,,
2016/12/23,21.63,,,,
2016/12/27,23.17,,,,
2016/12/28,23.96,,,,
2016/12/29,24.3,,,,
2016/12/30,25.3,,,,
2017/1/3,25.82,,,,
2017/1/4,25.32,,,,
2017/1/5,25.29,,,,
2017/1/6,25.03,,,,
2017/1/9,25.81,,,,
2017/1/10,25.59,,,,
2017/1/11,25.51,,,,
2017/1/12,25.84,,,,
2017/1/13,25.25,,,,
2017/1/17,26.02,,,,
2017/1/18,25.6,,,,
2017/1/19,25.37,,,,
2017/1/20,24.1,,,,
2017/1/23,23.35,,,,
2017/1/24,23.13,,,,
2017/1/25,22.88,,,,
2017/1/26,23.26,,,,
2017/1/27,21.39,,,,
2017/1/30,22.81,,,,
2017/1/31,22.75,,,,
2017/2/1,22.28,,,,
2017/2/2,21.81,,,,
2017/2/3,20.23,,,,
2017/2/6,20.21,,,,
2017/2/7,20.01,,,,
2017/2/8,18.8,,,,
2017/2/9,18.58,,,,
2017/2/10,18.16,,,,
2017/2/13,18.84,,,,
2017/2/14,19.25,,,,
2017/2/15,19.51,,,,
2017/2/16,19.25,,,,
2017/2/17,19.08,,,,
2017/2/21,18.62,,,,
2017/2/22,18.76,,,,
2017/2/23,18.77,,,,
2017/2/24,18.86,,,,
2017/2/27,19.26,,,,
2017/2/28,19.65,,,,
2017/3/1,19.15,,,,
2017/3/2,19.37,,,,
2017/3/3,18.73,,,,
2017/3/6,19.09,,,,
2017/3/7,19.08,,,,
2017/3/8,17.89,,,,
2017/3/9,18.39,,,,
2017/3/10,18.03,,,,
2017/3/13,18.44,,,,
2017/3/14,18.6,,,,
2017/3/15,18.12,,,,
2017/3/16,17.63,,,,
2017/3/17,17.01,,,,
2017/3/20,16.5,,,,
2017/3/21,18.42,,,,
2017/3/22,18.34,,,,
2017/3/23,18.99,,,,
2017/3/24,19.2,,,,
2017/3/27,19.95,,,,
2017/3/28,19.27,,,,
2017/3/29,19.27,,,,
2017/3/30,19.32,,,,
2017/3/31,19.37,,,,
2017/4/3,20.38,,,,
2017/4/4,20.57,,,,
2017/4/5,21.21,,,,
2017/4/6,21.24,,,,
2017/4/7,21.64,,,,
2017/4/10,22.52,,,,
2017/4/11,23.48,,,,
2017/4/12,24.15,,,,
2017/4/13,23.81,,,,
2017/4/17,23.63,,,,
2017/4/18,24.09,,,,
2017/4/19,23.58,,,,
2017/4/20,22.9,,,,
2017/4/21,23.18,,,,
2017/4/24,20.96,,,,
2017/4/25,21.15,,,,
2017/4/26,21.49,,,,
2017/4/27,21.29,,,,
2017/4/28,19.33,,,,
2017/5/1,19.43,,,,
2017/5/2,19.5,,,,
2017/5/3,18.86,,,,
2017/5/4,18.68,,,,
2017/5/5,18.41,,,,
2017/5/8,18.6,,,,
2017/5/9,18.91,,,,
2017/5/10,17.56,,,,
2017/5/11,17.82,,,,
2017/5/12,18.37,,,,
2017/5/15,18.3,,,,
2017/5/16,18.23,,,,
2017/5/17,21.82,,,,
2017/5/18,21.02,,,,
2017/5/19,19.55,,,,
2017/5/22,18.37,,,,
2017/5/23,18.36,,,,
2017/5/24,18.18,,,,
2017/5/25,18.19,,,,
2017/5/26,17.93,,,,
2017/5/30,18.92,,,,
2017/5/31,19.31,,,,
2017/6/1,18.79,,,,
2017/6/2,18.83,,,,
2017/6/5,19.12,,,,
2017/6/6,19.22,,,,
2017/6/7,17.84,,,,
2017/6/8,18.2,,,,
2017/6/9,20.4,,,,
2017/6/12,21.27,,,,
2017/6/13,19.87,,,,
2017/6/14,19.52,,,,
2017/6/15,20.42,,,,
2017/6/16,19.43,,,,
2017/6/19,19.27,,,,
2017/6/20,20.07,,,,
2017/6/21,20.49,,,,
2017/6/22,21.46,,,,
2017/6/23,21.04,,,,
2017/6/26,22.36,,,,
2017/6/27,23.77,,,,
2017/6/28,23.2,,,,
2017/6/29,24.94,,,,
2017/6/30,23.73,,,,
2017/7/3,24.8,,,,
2017/7/5,24.78,,,,
2017/7/6,25.41,,,,
2017/7/7,24.56,,,,
2017/7/10,25.11,,,,
2017/7/11,25.05,,,,
2017/7/12,25.14,,,,
2017/7/13,24.96,,,,
2017/7/14,24.44,,,,
2017/7/17,24.86,,,,
2017/7/18,25.23,,,,
2017/7/19,25.25,,,,
2017/7/20,25.11,,,,
2017/7/21,24.07,,,,
2017/7/24,23.97,,,,
2017/7/25,23.46,,,,
2017/7/26,23.02,,,,
2017/7/27,23.26,,,,
2017/7/28,21.87,,,,
2017/7/31,22,,,,
2017/8/1,21.61,,,,
2017/8/2,21.26,,,,
2017/8/3,21.13,,,,
2017/8/4,20.67,,,,
2017/8/7,20.97,,,,
2017/8/8,21.73,,,,
2017/8/9,20.85,,,,
2017/8/10,23.12,,,,
2017/8/11,22.49,,,,
2017/8/14,20.71,,,,
2017/8/15,20.95,,,,
2017/8/16,20.86,,,,
2017/8/17,22.98,,,,
2017/8/18,22.78,,,,
2017/8/21,21.66,,,,
2017/8/22,20.92,,,,
2017/8/23,21.13,,,,
2017/8/24,21.43,,,,
2017/8/25,20.67,,,,
2017/8/28,21.04,,,,
2017/8/29,21.09,,,,
2017/8/30,21.34,,,,
2017/8/31,21.3,,,,
2017/9/1,20.93,,,,
2017/9/5,22.69,,,,
2017/9/6,20.81,,,,
2017/9/7,21.24,,,,
2017/9/8,21.49,,,,
2017/9/11,21.37,,,,
2017/9/12,21.02,,,,
2017/9/13,19.68,,,,
2017/9/14,20.02,,,,
2017/9/15,20.57,,,,
2017/9/18,20.27,,,,
2017/9/19,20.13,,,,
2017/9/20,20.5,,,,
2017/9/21,20.28,,,,
2017/9/22,20.35,,,,
2017/9/25,22.63,,,,
2017/9/26,22.51,,,,
2017/9/27,22.33,,,,
2017/9/28,22.58,,,,
2017/9/29,22.06,,,,
2017/10/2,23.1,,,,
2017/10/3,23.31,,,,
2017/10/4,23.51,,,,
2017/10/5,23.59,,,,
2017/10/6,23.58,,,,
2017/10/9,24.42,,,,
2017/10/10,24.74,,,,
2017/10/11,24.71,,,,
2017/10/12,24.79,,,,
2017/10/13,24.46,,,,
2017/10/16,25,,,,
2017/10/17,25.01,,,,
2017/10/18,24.74,,,,
2017/10/19,24.77,,,,
2017/10/20,25.03,,,,
2017/10/23,24.66,,,,
2017/10/24,24.63,,,,
2017/10/25,25.14,,,,
2017/10/26,24.88,,,,
2017/10/27,23.54,,,,
2017/10/30,24.57,,,,
2017/10/31,24.57,,,,
2017/11/1,24.78,,,,
2017/11/2,23.69,,,,
2017/11/3,22.99,,,,
2017/11/6,22.95,,,,
2017/11/7,22.92,,,,
2017/11/8,21.74,,,,
2017/11/9,22.17,,,,
2017/11/10,21.65,,,,
2017/11/13,22.35,,,,
2017/11/14,22.23,,,,
2017/11/15,22.84,,,,
2017/11/16,21.93,,,,
2017/11/17,21.54,,,,
2017/11/20,21.07,,,,
2017/11/21,20.4,,,,
2017/11/22,20.29,,,,
2017/11/24,20.51,,,,
2017/11/27,21.16,,,,
2017/11/28,21.48,,,,
2017/11/29,24.02,,,,
2017/11/30,23.42,,,,
2017/12/1,23.87,,,,
2017/12/4,26.4,,,,
2017/12/5,24.71,,,,
2017/12/6,22.16,,,,
2017/12/7,21.21,,,,
2017/12/8,20.76,,,,
2017/12/11,21.03,,,,
2017/12/12,21.71,,,,
2017/12/13,20.48,,,,
2017/12/14,20.64,,,,
2017/12/15,20.11,,,,
2017/12/18,20.7,,,,
2017/12/19,20.96,,,,
2017/12/20,20.86,,,,
2017/12/21,20.78,,,,
2017/12/22,20.63,,,,
2017/12/26,22.41,,,,
2017/12/27,22.46,,,,
2017/12/28,22.22,,,,
2017/12/29,22.76,,,,
2018/1/2,23.77,,,,
2018/1/3,23.98,,,,
2018/1/4,24.08,,,,
2018/1/5,24.06,,,,
2018/1/8,24.93,,,,
2018/1/9,25.03,,,,
2018/1/10,24.85,,,,
2018/1/11,25.11,,,,
2018/1/12,25.67,,,,
2018/1/16,27.54,,,,
2018/1/17,27.58,,,,
2018/1/18,27.33,,,,
2018/1/19,26.61,,,,
2018/1/22,26.35,,,,
2018/1/23,26.87,,,,
2018/1/24,27.97,,,,
2018/1/25,28.43,,,,
2018/1/26,28.63,,,,
2018/1/29,31.9,,,,
2018/1/30,31.35,,,,
2018/1/31,30.54,,,,
2018/2/1,28.13,,,,
2018/2/2,28.01,,,,
2018/2/5,33.83,,,,
2018/2/6,32.09,,,,
2018/2/7,29.5,,,,
2018/2/8,34.48,,,,
2018/2/9,36.26,,,,
2018/2/12,31.35,,,,
2018/2/13,30.47,,,,
2018/2/14,28.23,,,,
2018/2/15,27.49,,,,
2018/2/16,27.17,,,,
2018/2/20,27.53,,,,
2018/2/21,27.06,,,,
2018/2/22,26.77,,,,
2018/2/23,24.64,,,,
2018/2/26,24.82,,,,
2018/2/27,26.16,,,,
2018/2/28,27.34,,,,
2018/3/1,29.31,,,,
2018/3/2,28.36,,,,
2018/3/5,27.43,,,,
2018/3/6,27.05,,,,
2018/3/7,25.98,,,,
2018/3/8,24.87,,,,
2018/3/9,23.01,,,,
2018/3/12,24.57,,,,
2018/3/13,25.83,,,,
2018/3/14,25.15,,,,
2018/3/15,24.7,,,,
2018/3/16,23.51,,,,
2018/3/19,27.17,,,,
2018/3/20,26.83,,,,
2018/3/21,27,,,,
2018/3/22,30.83,,,,
2018/3/23,33.36,,,,
2018/3/26,31.08,,,,
2018/3/27,34.11,,,,
2018/3/28,35.22,,,,
2018/3/29,32,,,,
2018/4/2,36.2,,,,
2018/4/3,34.33,,,,
2018/4/4,32.95,,,,
2018/4/5,32.01,,,,
2018/4/6,34.51,,,,
2018/4/9,34.6,,,,
2018/4/10,33.18,,,,
2018/4/11,32.7,,,,
2018/4/12,31.74,,,,
2018/4/13,31.34,,,,
2018/4/16,30.21,,,,
2018/4/17,28.93,,,,
2018/4/18,29.3,,,,
2018/4/19,30.86,,,,
2018/4/20,31.61,,,,
2018/4/23,30.63,,,,
2018/4/24,31.84,,,,
2018/4/25,30.95,,,,
2018/4/26,28.8,,,,
2018/4/27,26.43,,,,
2018/4/30,26.58,,,,
2018/5/1,26.21,,,,
2018/5/2,25.59,,,,
2018/5/3,25.98,,,,
2018/5/4,24.63,,,,
2018/5/7,25.01,,,,
2018/5/8,25.05,,,,
2018/5/9,23.51,,,,
2018/5/10,23.09,,,,
2018/5/11,22.38,,,,
2018/5/14,22.73,,,,
2018/5/15,23.77,,,,
2018/5/16,23.37,,,,
2018/5/17,22.96,,,,
2018/5/18,22.65,,,,
2018/5/21,22.08,,,,
2018/5/22,22.02,,,,
2018/5/23,21.92,,,,
2018/5/24,21.93,,,,
2018/5/25,21.83,,,,
2018/5/29,24.18,,,,
2018/5/30,22.62,,,,
2018/5/31,23.34,,,,
2018/6/1,22.05,,,,
2018/6/4,22.63,,,,
2018/6/5,22.73,,,,
2018/6/6,20.5,,,,
2018/6/7,21.1,,,,
2018/6/8,20.68,,,,
2018/6/11,21.67,,,,
2018/6/12,21.46,,,,
2018/6/13,20.75,,,,
2018/6/14,21.07,,,,
2018/6/15,21.27,,,,
2018/6/18,22.66,,,,
2018/6/19,23.85,,,,
2018/6/20,24.13,,,,
2018/6/21,24.6,,,,
2018/6/22,24.12,,,,
2018/6/25,27.27,,,,
2018/6/26,26.64,,,,
2018/6/27,28.11,,,,
2018/6/28,27.61,,,,
2018/6/29,27.59,,,,
2018/7/2,27.11,,,,
2018/7/3,27.69,,,,
2018/7/5,27.32,,,,
2018/7/6,26.37,,,,
2018/7/9,26.3,,,,
2018/7/10,25.99,,,,
2018/7/11,26.74,,,,
2018/7/12,26.33,,,,
2018/7/13,26.08,,,,
2018/7/16,26.73,,,,
2018/7/17,26.53,,,,
2018/7/18,26.34,,,,
2018/7/19,27.18,,,,
2018/7/20,25.82,,,,
2018/7/23,25.1,,,,
2018/7/24,24.43,,,,
2018/7/25,23.81,,,,
2018/7/26,23.94,,,,
2018/7/27,23.1,,,,
2018/7/30,24.33,,,,
2018/7/31,23.88,,,,
2018/8/1,22.84,,,,
2018/8/2,22.17,,,,
2018/8/3,21.3,,,,
2018/8/6,21.1,,,,
2018/8/7,21.18,,,,
2018/8/8,19.59,,,,
2018/8/9,19.73,,,,
2018/8/10,20.48,,,,
2018/8/13,21.22,,,,
2018/8/14,20.61,,,,
2018/8/15,22.04,,,,
2018/8/16,21.4,,,,
2018/8/17,20.46,,,,
2018/8/20,20.49,,,,
2018/8/21,20.35,,,,
2018/8/22,20.22,,,,
2018/8/23,20.42,,,,
2018/8/24,20.08,,,,
2018/8/27,20.55,,,,
2018/8/28,20.53,,,,
2018/8/29,20.54,,,,
2018/8/30,21.42,,,,
2018/8/31,21.63,,,,
2018/9/4,23.18,,,,
2018/9/5,24.19,,,,
2018/9/6,24.65,,,,
2018/9/7,24.48,,,,
2018/9/10,25.04,,,,
2018/9/11,24.7,,,,
2018/9/12,22.98,,,,
2018/9/13,22.65,,,,
2018/9/14,22.39,,,,
2018/9/17,24.98,,,,
2018/9/18,24.02,,,,
2018/9/19,23.9,,,,
2018/9/20,23.65,,,,
2018/9/21,24.91,,,,
2018/9/24,24.07,,,,
2018/9/25,24.1,,,,
2018/9/26,24.62,,,,
2018/9/27,24.42,,,,
2018/9/28,24.65,,,,
2018/10/1,25.34,,,,
2018/10/2,26.27,,,,
2018/10/3,26.4,,,,
2018/10/4,28.68,,,,
2018/10/5,29.2,,,,
2018/10/8,30.5,,,,
2018/10/9,30.39,,,,
2018/10/10,35.1,,,,
2018/10/11,37.71,,,,
2018/10/12,34.09,,,,
2018/10/15,34.52,,,,
2018/10/16,31.91,,,,
2018/10/17,32.02,,,,
2018/10/18,34.34,,,,
2018/10/19,33.48,,,,
2018/10/22,32.96,,,,
2018/10/23,34.4,,,,
2018/10/24,40.49,,,,
2018/10/25,35.66,,,,
2018/10/26,37.57,,,,
2018/10/29,39.7,,,,
2018/10/30,37.59,,,,
2018/10/31,34.45,,,,
2018/11/1,32.93,,,,
2018/11/2,32.43,,,,
2018/11/5,32.3,,,,
2018/11/6,30.92,,,,
2018/11/7,27.03,,,,
2018/11/8,27.31,,,,
2018/11/9,28.57,,,,
2018/11/12,32.77,,,,
2018/11/13,32.39,,,,
2018/11/14,33.34,,,,
2018/11/15,32.36,,,,
2018/11/16,30.88,,,,
2018/11/19,33.92,,,,
2018/11/20,36.24,,,,
2018/11/21,33.08,,,,
2018/11/23,34.1,,,,
2018/11/26,31.55,,,,
2018/11/27,30.93,,,,
2018/11/28,29.44,,,,
2018/11/29,29.82,,,,
2018/11/30,29.52,,,,
2018/12/3,26.51,,,,
2018/12/4,31.43,,,,
2018/12/6,32.86,,,,
2018/12/7,35.54,,,,
2018/12/10,35.08,,,,
2018/12/11,33.95,,,,
2018/12/12,30.79,,,,
2018/12/13,30.21,,,,
2018/12/14,32.87,,,,
2018/12/17,36.7,,,,
2018/12/18,36.66,,,,
2018/12/19,37.3,,,,
2018/12/20,40.6,,,,
2018/12/21,43.51,,,,
2018/12/24,47.74,,,,
2018/12/26,43.26,,,,
2018/12/27,43.46,,,,
2018/12/28,41.09,,,,
2018/12/31,38.99,,,,
2019/1/2,37.6,,,,
2019/1/3,40.21,,,,
2019/1/4,36.14,,,,
2019/1/7,36.68,,,,
2019/1/8,35.46,,,,
2019/1/9,34.88,,,,
2019/1/10,34.46,,,,
2019/1/11,33.46,,,,
2019/1/14,33.5,,,,
2019/1/15,32.34,,,,
2019/1/16,31.79,,,,
2019/1/17,31.44,,,,
2019/1/18,29.97,,,,
2019/1/22,32.78,,,,
2019/1/23,32.33,,,,
2019/1/24,31.87,,,,
2019/1/25,30.11,,,,
2019/1/28,31.7,,,,
2019/1/29,31.81,,,,
2019/1/30,29.63,,,,
2019/1/31,28.1,,,,
2019/2/1,26.66,,,,
2019/2/4,26.11,,,,
2019/2/5,24.98,,,,
2019/2/6,24.44,,,,
2019/2/7,25.59,,,,
2019/2/8,26.01,,,,
2019/2/11,26.21,,,,
2019/2/12,25.22,,,,
2019/2/13,24.91,,,,
2019/2/14,25.37,,,,
2019/2/15,24.72,,,,
2019/2/19,23.92,,,,
2019/2/20,23.76,,,,
2019/2/21,23.92,,,,
2019/2/22,23.29,,,,
2019/2/25,23.63,,,,
2019/2/26,23.4,,,,
2019/2/27,23.5,,,,
2019/2/28,23.72,,,,
2019/3/1,23.06,,,,
2019/3/4,24.54,,,,
2019/3/5,24.08,,,,
2019/3/6,23.42,,,,
2019/3/7,24.54,,,,
2019/3/8,24.87,,,,
2019/3/11,23.59,,,,
2019/3/12,23.42,,,,
2019/3/13,22.11,,,,
2019/3/14,22.4,,,,
2019/3/15,22.55,,,,
2019/3/18,22.66,,,,
2019/3/19,23.49,,,,
2019/3/20,23.93,,,,
2019/3/21,24,,,,
2019/3/22,26.31,,,,
2019/3/25,26.91,,,,
2019/3/26,26.17,,,,
2019/3/27,26.81,,,,
2019/3/28,26.16,,,,
2019/3/29,25.32,,,,
2019/4/1,25.16,,,,
2019/4/2,25.48,,,,
2019/4/3,25.81,,,,
2019/4/4,26.1,,,,
2019/4/5,25.8,,,,
2019/4/8,26.65,,,,
2019/4/9,27.93,,,,
2019/4/10,27.49,,,,
2019/4/11,27.61,,,,
2019/4/12,27.32,,,,
2019/4/15,27.66,,,,
2019/4/16,26.93,,,,
2019/4/17,27.31,,,,
2019/4/18,26.18,,,,
2019/4/22,25.74,,,,
2019/4/23,25.57,,,,
2019/4/24,25.8,,,,
2019/4/25,24.82,,,,
2019/4/26,24.02,,,,
2019/4/29,24,,,,
2019/4/30,23.2,,,,
2019/5/1,22.78,,,,
2019/5/2,23.43,,,,
2019/5/3,22.67,,,,
2019/5/6,24.27,,,,
2019/5/7,28.19,,,,
2019/5/8,26.67,,,,
2019/5/9,27.14,,,,
2019/5/10,24.96,,,,
2019/5/13,28.89,,,,
2019/5/14,26.39,,,,
2019/5/15,24.37,,,,
2019/5/16,23.43,,,,
2019/5/17,24.46,,,,
2019/5/20,25.97,,,,
2019/5/21,24.15,,,,
2019/5/22,24.43,,,,
2019/5/23,27.21,,,,
2019/5/24,25.44,,,,
2019/5/28,26.65,,,,
2019/5/29,27.42,,,,
2019/5/30,27.12,,,,
2019/5/31,28.28,,,,
2019/6/3,29.88,,,,
2019/6/4,27.78,,,,
2019/6/5,27.61,,,,
2019/6/6,26.78,,,,
2019/6/7,26.29,,,,
2019/6/10,26.68,,,,
2019/6/11,26.74,,,,
2019/6/12,25.44,,,,
2019/6/13,25.36,,,,
2019/6/14,24.8,,,,
2019/6/17,25.93,,,,
2019/6/18,26.03,,,,
2019/6/19,25.35,,,,
2019/6/20,25.93,,,,
2019/6/21,26.02,,,,
2019/6/24,26.13,,,,
2019/6/25,27.54,,,,
2019/6/26,27.46,,,,
2019/6/27,27.28,,,,
2019/6/28,27.26,,,,
2019/7/1,25.33,,,,
2019/7/2,24.71,,,,
2019/7/3,24.7,,,,
2019/7/5,25.5,,,,
2019/7/8,26.64,,,,
2019/7/9,26.62,,,,
2019/7/10,26.36,,,,
2019/7/11,26.42,,,,
2019/7/12,26.35,,,,
2019/7/15,26.63,,,,
2019/7/16,27.12,,,,
2019/7/17,27.59,,,,
2019/7/18,26.9,,,,
2019/7/19,26.55,,,,
2019/7/22,26.02,,,,
2019/7/23,26,,,,
2019/7/24,25.71,,,,
2019/7/25,25.13,,,,
2019/7/26,23.3,,,,
2019/7/29,24.1,,,,
2019/7/30,24.33,,,,
2019/7/31,24.68,,,,
2019/8/1,27,,,,
2019/8/2,27.86,,,,
2019/8/5,33.59,,,,
2019/8/6,30.32,,,,
2019/8/7,29.76,,,,
2019/8/8,26.94,,,,
2019/8/9,28.07,,,,
2019/8/12,30.18,,,,
2019/8/13,27.46,,,,
2019/8/14,30.95,,,,
2019/8/15,30.48,,,,
2019/8/16,27.68,,,,
2019/8/19,26.06,,,,
2019/8/20,26.57,,,,
2019/8/21,25.51,,,,
2019/8/22,26.2,,,,
2019/8/23,30.49,,,,
2019/8/26,29.22,,,,
2019/8/27,29.92,,,,
2019/8/28,28.78,,,,
2019/8/29,26.86,,,,
2019/8/30,27.06,,,,
2019/9/3,29.1,,,,
2019/9/4,27.33,,,,
2019/9/5,25.97,,,,
2019/9/6,25.4,,,,
2019/9/9,26.43,,,,
2019/9/10,26.55,,,,
2019/9/11,24.43,,,,
2019/9/12,24.14,,,,
2019/9/13,23.83,,,,
2019/9/16,25.82,,,,
2019/9/17,25.75,,,,
2019/9/18,25.43,,,,
2019/9/19,24.83,,,,
2019/9/20,25.74,,,,
2019/9/23,26.19,,,,
2019/9/24,28.29,,,,
2019/9/25,27.18,,,,
2019/9/26,27.75,,,,
2019/9/27,28.77,,,,
2019/9/30,28.54,,,,
2019/10/1,29.74,,,,
2019/10/2,32.18,,,,
2019/10/3,31.01,,,,
2019/10/4,28.99,,,,
2019/10/7,29.83,,,,
2019/10/8,32.18,,,,
2019/10/9,31.14,,,,
2019/10/10,30.66,,,,
2019/10/11,29.79,,,,
2019/10/14,29.21,,,,
2019/10/15,28.15,,,,
2019/10/16,28.47,,,,
2019/10/17,27.14,,,,
2019/10/18,28.41,,,,
2019/10/21,27.43,,,,
2019/10/22,28.27,,,,
2019/10/23,27.53,,,,
2019/10/24,26.37,,,,
2019/10/25,25.29,,,,
2019/10/28,25.86,,,,
2019/10/29,25.24,,,,
2019/10/30,25.06,,,,
2019/10/31,23.57,,,,
2019/11/1,22.85,,,,
2019/11/4,23.59,,,,
2019/11/5,23.77,,,,
2019/11/6,21.71,,,,
2019/11/7,22.01,,,,
2019/11/8,21.5,,,,
2019/11/11,21.91,,,,
2019/11/12,21.78,,,,
2019/11/13,22.11,,,,
2019/11/14,22,,,,
2019/11/15,21.45,,,,
2019/11/18,22.19,,,,
2019/11/19,22.34,,,,
2019/11/20,23.18,,,,
2019/11/21,23.28,,,,
2019/11/22,22.56,,,,
2019/11/25,22.02,,,,
2019/11/26,21.8,,,,
2019/11/27,21.92,,,,
2019/11/29,22.61,,,,
2019/12/2,24.25,,,,
2019/12/3,25.32,,,,
2019/12/4,24.29,,,,
2019/12/5,23.87,,,,
2019/12/6,22.71,,,,
2019/12/9,23.43,,,,
2019/12/10,23.53,,,,
2019/12/11,22,,,,
2019/12/12,22.04,,,,
2019/12/13,20.11,,,,
2019/12/16,20.64,,,,
2019/12/17,20.79,,,,
2019/12/18,21.09,,,,
2019/12/19,21.11,,,,
2019/12/20,20.88,,,,
2019/12/23,21.04,,,,
2019/12/24,21.53,,,,
2019/12/26,22.66,,,,
2019/12/27,23.55,,,,
2019/12/30,24.4,,,,
2019/12/31,24.24,,,,
2020/1/2,24.42,12.47,10.6,,12.7
2020/1/3,25.01,14.02,12.78,,13.46
2020/1/6,25.54,13.85,12.42,,14.21
2020/1/7,25.49,13.79,12.34,,14.01
2020/1/8,26.07,13.45,12.22,,13.67
2020/1/9,25.83,12.54,10.86,,12.54
2020/1/10,26,12.56,10.57,,12.27
2020/1/13,26.33,12.32,10.05,,10.91
2020/1/14,26.55,12.39,10.18,,11.02
2020/1/15,25.97,12.42,9.69,,11.75
2020/1/16,25.28,12.32,9.71,,11.38
2020/1/17,24.83,12.1,9.04,,11.31
2020/1/21,26.51,12.85,11.38,,11.48
2020/1/22,25.96,12.91,11.03,,11.16
2020/1/23,26.35,12.98,11.4,,11.61
2020/1/24,27.66,14.56,14.65,,12.48
2020/1/27,29.83,18.23,21.3,,12.9
2020/1/28,27.83,16.28,18.34,,11.89
2020/1/29,26.7,16.39,18.12,,12.09
2020/1/30,25.88,15.49,16.41,,12.23
2020/1/31,29.08,18.84,21.66,,13.5
2020/2/3,28.53,17.97,19.23,,12.48
2020/2/4,26.55,16.05,15.81,,12.01
2020/2/5,26.41,15.15,13.69,,11.32
2020/2/6,25.24,14.96,12.98,,11.45
2020/2/7,26.07,15.47,13.73,,11.3
2020/2/10,26.68,15.04,12.89,,11.91
2020/2/11,27.52,15.18,13.04,,11.48
2020/2/12,25.83,13.74,10.84,,11.07
2020/2/13,25.78,14.15,11.83,,11.59
2020/2/14,24.52,13.68,10.98,,11.62
2020/2/18,25.68,14.83,13.02,,13.02
2020/2/19,25.22,14.38,11.88,,13.34
2020/2/20,26.4,15.56,13.86,,13.35
2020/2/21,28.88,17.08,15.77,,15.79
2020/2/24,33.96,25.03,31.9,,17.58
2020/2/25,37.68,27.85,36.35,,18.13
2020/2/26,36.68,27.56,34.84,,16.48
2020/2/27,45.89,39.16,54.74,,18.05
2020/2/28,53.36,40.11,52.9,,21.27
2020/3/2,40.95,33.42,42.17,,18.98
2020/3/3,46.69,36.82,47.34,,22.01
2020/3/4,39.04,31.99,37.06,,18.55
2020/3/5,49.88,39.62,48.63,,22.43
2020/3/6,54.48,41.94,48.55,,25.12
2020/3/9,65.65,54.46,70.3,,31.29
2020/3/10,57.91,47.3,57.39,,23.99
2020/3/11,64.82,53.9,68.21,,26.74
2020/3/12,80.13,75.47,103.56,,30.18
2020/3/13,71.97,57.83,69.87,,37.43
2020/3/16,95.25,82.69,106.66,,41.43
2020/3/17,86.24,75.91,92.93,,45.27
2020/3/18,96.12,76.45,97.22,,48.98
2020/3/19,89.54,72,91.02,,39.48
2020/3/20,83.19,66.04,83.47,,36.81
2020/3/23,75.77,61.59,78.76,,41.16
2020/3/24,70.15,61.67,78.04,,40.41
2020/3/25,76.05,63.95,81.3,,40.56
2020/3/26,67.23,61,73.61,,37.48
2020/3/27,71.48,65.54,72.33,,34.89
2020/3/30,65.55,57.08,62.8,,30.42
2020/3/31,61.15,53.54,60.16,,29.19
2020/4/1,68.44,57.06,61.33,,30.26
2020/4/2,63.52,50.91,52.81,,31.91
2020/4/3,61.93,46.8,46.66,,31.85
2020/4/6,54.23,45.24,47.02,,35.76
2020/4/7,56.1,46.7,48.34,,34.27
2020/4/8,53.71,43.35,42.46,,29.98
2020/4/9,53.76,41.67,40.42,,27.59
2020/4/13,54.8,41.17,41.74,,28.41
2020/4/14,51.21,37.76,38.81,,28.87
2020/4/15,54.35,40.84,41.64,,27.39
2020/4/16,55.76,40.11,40.49,,27.74
2020/4/17,53.01,38.15,36.18,,26.96
2020/4/20,55.4,43.83,44,,28.01
2020/4/21,58.8,45.41,45.46,,30.62
2020/4/22,53.77,41.98,40.21,,30.44
2020/4/23,52.36,41.38,39.35,,30.25
2020/4/24,48,35.93,31.72,,29.22
2020/4/27,45.91,33.29,31.41,,26.75
2020/4/28,45.1,33.57,32.44,,24.43
2020/4/29,42.53,31.23,29.66,,24.16
2020/4/30,43.65,34.15,32.88,,24.24
2020/5/1,45.15,37.19,35.57,,24.25
2020/5/4,44.84,35.97,35.45,,23.68
2020/5/5,42.24,33.61,33.19,,24.97
2020/5/6,41.24,34.12,33.98,,24.47
2020/5/7,39.55,31.44,29.75,,26.15
2020/5/8,36.14,27.98,24.89,,24.89
2020/5/11,36.9,27.57,26.17,,23.55
2020/5/12,37.79,33.04,33.36,,22.45
2020/5/13,42.36,35.28,34.63,,22.71
2020/5/14,42.17,32.61,31.66,,24.15
2020/5/15,40.3,31.89,29.71,,23.63
2020/5/18,38.18,29.3,27.62,,22.81
2020/5/19,38.41,30.53,28.03,,21.33
2020/5/20,37.53,27.99,24.93,,20.12
2020/5/21,38.03,29.53,26.15,,19.74
2020/5/22,36.55,28.16,23.47,,18.95
2020/5/26,36.58,28.01,25.5,,18.57
2020/5/27,36.59,27.62,25.17,,18.51
2020/5/28,37.01,28.59,26.02,,18.1
2020/5/29,36.02,27.51,24.59,,18.15
2020/6/1,36.34,28.23,27.08,,18.06
2020/6/2,35.45,26.84,25.06,,18.1
2020/6/3,34.89,25.66,23.97,,18.47
2020/6/4,35.54,25.81,23.56,,18.05
2020/6/5,34.34,24.52,22.63,,18.17
2020/6/8,36.67,25.81,25.18,,17.94
2020/6/9,37.89,27.57,26.92,,19
2020/6/10,36.66,27.57,27.1,,20.75
2020/6/11,46.94,40.79,42.06,,23.04
2020/6/12,45.18,36.09,36.52,,20.39
2020/6/15,44.02,34.4,35.98,,20.11
2020/6/16,42.55,33.67,35.38,,19.29
2020/6/17,42.31,33.47,33.98,,18.88
2020/6/18,38.46,32.94,32.05,,18.31
2020/6/19,38.08,35.12,33.92,,18.27
2020/6/22,37.28,31.77,31.23,,19.55
2020/6/23,36.76,31.37,30.29,,20.51
2020/6/24,39.43,33.84,33.25,,20.01
2020/6/25,38.72,32.22,30.92,,19.73
2020/6/26,41.15,34.73,33.31,,20.52
2020/6/29,39.52,31.78,30.42,,19.26
2020/6/30,36.79,30.43,29.14,,19.65
2020/7/1,36.35,28.62,25.2,,18.85
2020/7/2,34.82,27.68,22.64,,17.7
2020/7/6,36.98,27.94,25.23,,17.42
2020/7/7,38.5,29.43,26.84,,17.37
2020/7/8,39.79,28.08,23.67,,17.74
2020/7/9,41.82,29.26,25.55,,17.39
2020/7/10,41.9,27.29,22.59,,16.64
2020/7/13,45.44,32.19,30.31,,16.53
2020/7/14,45.45,29.52,27.78,,16
2020/7/15,43.83,27.76,25.22,,15.36
2020/7/16,43.22,28,25.85,,15.37
2020/7/17,39.88,25.68,22.16,,15.09
2020/7/20,39.42,24.46,22.52,,15.3
2020/7/21,39.35,24.84,23.33,,16.67
2020/7/22,38.13,24.32,21.65,,22.45
2020/7/23,38.31,26.08,24.1,,21.99
2020/7/24,37.74,25.84,22.7,,21.61
2020/7/27,36.85,24.74,22.38,,25.52
2020/7/28,36.45,25.44,23.54,,28.96
2020/7/29,35.26,24.1,21.93,,26.79
2020/7/30,35.24,24.76,22.79,,24.13
2020/7/31,34.03,24.46,20.61,,24.46
2020/8/3,35.44,24.28,20.95,,23.56
2020/8/4,34.66,23.76,20.44,,26.3
2020/8/5,33.95,22.99,19.02,,25.69
2020/8/6,33.97,22.65,19.4,,27.36
2020/8/7,35.15,22.21,18.08,,26.22
2020/8/10,35.8,22.13,18.88,,23.89
2020/8/11,36.52,24.03,21.89,,27.48
2020/8/12,33.15,22.28,18.9,,25.85
2020/8/13,33.98,22.13,18.54,,25.82
2020/8/14,33.44,22.05,17.87,,23.53
2020/8/17,33.28,21.35,17.6,,26.35
2020/8/18,33.17,21.51,17.82,,26.46
2020/8/19,33.46,22.54,19.23,,28.15
2020/8/20,33.15,22.72,18.85,,25.91
2020/8/21,35.21,22.54,18.01,,25.96
2020/8/24,36.84,22.37,18.81,,23.86
2020/8/25,36.16,22.03,18.09,,22.76
2020/8/26,39.46,23.27,19.96,,24.79
2020/8/27,41.22,24.47,20.19,,23.08
2020/8/28,40.95,22.96,17.13,,23.19
2020/8/31,41.24,26.41,21.1,,24.32
2020/9/1,42.16,26.12,19.65,,23
2020/9/2,44.71,26.57,20.71,,23.57
2020/9/3,49.09,33.6,30.45,,23.68
2020/9/4,48.39,30.75,29.41,,21.98
2020/9/8,47.85,31.46,32.91,,22.49
2020/9/9,41.01,28.81,29.09,,21.66
2020/9/10,40.98,29.71,30.43,,21.26
2020/9/11,39.43,26.87,26.33,,20.2
2020/9/14,39.07,25.85,25.06,,20.91
2020/9/15,38.32,25.59,24.22,,20.32
2020/9/16,39.47,26.04,23.77,,20.08
2020/9/17,40.09,26.46,24.95,,19.95
2020/9/18,39.47,25.83,24.02,,20.22
2020/9/21,41.7,27.78,28.11,,21.6
2020/9/22,40.8,26.86,25.95,,21.63
2020/9/23,42.85,28.58,27.97,,23.43
2020/9/24,43.03,28.51,27.65,,23.41
2020/9/25,41.03,26.38,24.57,,22.09
2020/9/28,41.24,26.19,25.21,,22.01
2020/9/29,41.38,26.27,25.99,,23.28
2020/9/30,40.48,26.37,25.77,,22.07
2020/10/1,41.47,26.7,24.8,,22.39
2020/10/2,42.52,27.63,24.64,,22.59
2020/10/5,42.29,27.96,23.51,,22.13
2020/10/6,43.22,29.48,25.08,,22.79
2020/10/7,42.53,28.06,21.74,,23.28
2020/10/8,41.96,26.36,19.94,,21.96
2020/10/9,40.39,25,18.85,,22.44
2020/10/12,41.16,25.07,20.3,,22.66
2020/10/13,41.35,26.07,21.39,,23.17
2020/10/14,39.99,26.4,21.3,,21.88
2020/10/15,40.99,26.97,21.38,,21.73
2020/10/16,40.58,27.41,21.64,,20.29
2020/10/19,43.13,29.18,24.65,,21.33
2020/10/20,42.58,29.35,24.57,,21.54
2020/10/21,42.19,28.65,23.2,,22.66
2020/10/22,41.37,28.11,24.06,,21.38
2020/10/23,41.08,27.55,24.29,,21.04
2020/10/26,44.27,32.46,35.91,,20.93
2020/10/27,43.36,33.35,37.29,,20.41
2020/10/28,48.16,40.28,47.9,,21.93
2020/10/29,44.97,37.59,44.34,,21.9
2020/10/30,45.36,38.02,44.33,,23.26
2020/11/2,44.46,37.13,43.86,,23.74
2020/11/3,42.43,35.55,43.2,,23.32
2020/11/4,38.19,29.57,32.46,,20.49
2020/11/5,37,27.58,28.09,,22
2020/11/6,35.05,24.86,23.96,,21.1
2020/11/9,35.07,25.75,26.71,,21.86
2020/11/10,36.47,24.8,24.43,,20.46
2020/11/11,33.13,23.45,21.59,,19.14
2020/11/12,34.62,25.35,23.88,,18.98
2020/11/13,33.14,23.1,21.01,,17.74
2020/11/16,32.77,22.45,19.33,,18.31
2020/11/17,32.86,22.71,18.81,,17.54
2020/11/18,33.08,23.84,19.59,,17.67
2020/11/19,32.74,23.11,19.26,,17.96
2020/11/20,32.75,23.7,19.86,,17.72
2020/11/23,32.67,22.66,19.58,,18.98
2020/11/24,32.34,21.64,18.4,,20.09
2020/11/25,32.38,21.25,17.14,,19.75
2020/11/27,33.01,20.84,18.25,,19.09
2020/11/30,34.47,20.57,19.87,,19.69
2020/12/1,34.41,20.77,19.87,,19.61
2020/12/2,34.72,21.17,19.29,,19.42
2020/12/3,34.12,21.28,19.35,,19.61
2020/12/4,33.46,20.79,17.96,,18.95
2020/12/7,34.25,21.3,18.74,,19.79
2020/12/8,34.3,20.68,18.17,,19.86
2020/12/9,33.9,22.27,19.99,,20.26
2020/12/10,33.82,22.52,19.67,,19.66
2020/12/11,34.71,23.31,20.45,,19.24
2020/12/14,34.86,24.72,23.67,,19.43
2020/12/15,34.42,22.89,20.19,,19.75
2020/12/16,34.37,22.5,18.8,,19.39
2020/12/17,33.93,21.93,18.62,,20.1
2020/12/18,34.48,21.57,16.7,,19.58
2020/12/21,35.25,25.16,21.56,,19.8
2020/12/22,34.73,24.23,19.91,,19.5
2020/12/23,34.09,23.31,19.2,,18.87
2020/12/24,33.82,21.53,17.12,,18.99
2020/12/28,34.78,21.7,20.05,,20.2
2020/12/29,34.9,23.08,21.47,,19.53
2020/12/30,34.71,22.77,21.31,,20.06
2020/12/31,34.7,22.75,21.2,,20.79
2021/1/4,38.07,26.97,27.39,,21.86
2021/1/5,36.84,25.34,24.29,,22.14
2021/1/6,37.28,25.07,23.77,,21.7
2021/1/7,36.06,22.37,19.42,,20.66
2021/1/8,36.08,21.56,18.34,,22.16
2021/1/11,38.5,24.08,21.69,,20.65
2021/1/12,38.14,23.33,20.65,,20.01
2021/1/13,37.15,22.21,18.91,,18.8
2021/1/14,37.87,23.25,21.17,,19.21
2021/1/15,37.02,24.34,21.69,,19.04
2021/1/19,35.78,23.24,21.88,,18.87
2021/1/20,36.1,21.58,18.85,,18.95
2021/1/21,36.66,21.32,18.23,,18.85
2021/1/22,36.73,21.91,18.42,,18.42
2021/1/25,39.37,23.19,20.66,,18.51
2021/1/26,39.78,23.02,20.46,,17.88
2021/1/27,44.89,37.21,41.64,,18.47
2021/1/28,40.22,30.21,30,,19.38
2021/1/29,42.46,33.09,32.63,,20.64
2021/2/1,39.88,30.24,28.99,,21.81
2021/2/2,36.71,25.56,22.44,,19.61
2021/2/3,35.14,22.91,18.97,,18.45
2021/2/4,33.94,21.77,17.48,,19.3
2021/2/5,32.78,20.87,15.52,,18.7
2021/2/8,33.48,21.24,16.57,,18.45
2021/2/9,33.76,21.63,17.09,,18.35
2021/2/10,33.35,21.99,17.68,,18.57
2021/2/11,33.53,21.25,17.09,,18.31
2021/2/12,32.62,19.97,15.05,,18.08
2021/2/16,33.92,21.46,19.32,,19.57
2021/2/17,33.99,21.5,18.41,,20.49
2021/2/18,33.81,22.49,19.46,,19.66
2021/2/19,33.13,22.05,18.33,,19.26
2021/2/22,34.62,23.45,21.22,,19.12
2021/2/23,34.97,23.11,21.3,,18.3
2021/2/24,35.26,21.34,18.35,,18.31
2021/2/25,39.39,28.89,31.81,,21.26
2021/2/26,37.3,27.95,29.42,,21.08
2021/3/1,34.14,23.35,22.7,,21.33
2021/3/2,34.2,24.1,23.17,,20.06
2021/3/3,36.74,26.67,26.88,,20.93
2021/3/4,38.74,28.57,29.3,,21.61
2021/3/5,36.23,24.66,23.83,,20.21
2021/3/8,38.56,25.47,25.7,,20.64
2021/3/9,35.86,24.03,24.11,,19.54
2021/3/10,35.66,22.56,20.98,,18.55
2021/3/11,34.13,21.91,20.01,,18.21
2021/3/12,34.48,20.69,17.41,,18.36
2021/3/15,34.16,20.03,17.74,,17.86
2021/3/16,32.93,19.79,17.93,,17.93
2021/3/17,32.94,19.23,16.69,,17.24
2021/3/18,37.66,21.58,20.33,,17.79
2021/3/19,35.27,20.95,18.28,,16.57
2021/3/22,32.76,18.88,16.4,,16.47
2021/3/23,32.93,20.3,18.37,,16.69
2021/3/24,33.77,21.2,19.07,,15.7
2021/3/25,34.1,19.81,17.16,,15.58
2021/3/26,33.57,18.86,16.32,,15.48
2021/3/29,34.86,20.74,18.85,,17.23
2021/3/30,34.03,19.61,17.28,,18.3
2021/3/31,33.14,19.4,15.62,,17.07
2021/4/1,31.9,17.33,12.97,,16.74
2021/4/5,32.82,17.91,15.65,,17.08
2021/4/6,32.62,18.12,15.71,,16.76
2021/4/7,32.99,17.16,14.13,,16.11
2021/4/8,32.74,16.95,13.94,,15.72
2021/4/9,32.11,16.69,13.19,,15.3
2021/4/12,33.21,16.91,14.24,,14.88
2021/4/13,33.38,16.65,13.78,,14.26
2021/4/14,33.1,16.99,14.1,,14.69
2021/4/15,32.53,16.57,14.22,,15.36
2021/4/16,32.01,16.25,12.97,,15.32
2021/4/19,33.41,17.29,15.42,,16.01
2021/4/20,34.07,18.68,17.33,,15.59
2021/4/21,32.54,17.5,14.79,,16.41
2021/4/22,33.25,18.71,16.77,,16.05
2021/4/23,31.27,17.33,14.07,,15.74
2021/4/26,32.04,17.64,14.81,,15.51
2021/4/27,31.5,17.56,14.55,,14.77
2021/4/28,30.36,17.28,13.62,,14.79
2021/4/29,29.08,17.61,13.96,,14.54
2021/4/30,28.61,18.61,15.53,,14.58
2021/5/3,28.55,18.31,16.17,,15.65
2021/5/4,30.63,19.48,17.75,,15.91
2021/5/5,29.93,19.15,17.57,,15.7
2021/5/6,29.77,18.39,16.04,,16.57
2021/5/7,28.39,16.69,14.09,,16.46
2021/5/10,30.88,19.66,19.68,,17.19
2021/5/11,32.46,21.84,22.03,,17.17
2021/5/12,36.21,27.59,29.55,,17.56
2021/5/13,33.6,23.13,23.21,,17.1
2021/5/14,29.55,18.81,17.41,,16.75
2021/5/17,31.33,19.72,18.83,,17.62
2021/5/18,31.09,21.34,20.99,,17
2021/5/19,32.64,22.18,21.21,,17.79
2021/5/20,30.3,20.67,18.56,,17.29
2021/5/21,29.96,20.15,17.12,,16.47
2021/5/24,27.94,18.4,14.67,,16.91
2021/5/25,28.13,18.84,15.79,,17.09
2021/5/26,27.59,17.36,13.84,,16.81
2021/5/27,27.71,16.74,13.03,,16.15
2021/5/28,26.71,16.76,12.73,,16.08
2021/6/1,28.17,17.9,15,,16.09
2021/6/2,27.94,17.48,13.7,,15.65
2021/6/3,28.81,18.04,15.18,,15.95
2021/6/4,27.43,16.42,12.7,,15.83
2021/6/7,27.66,16.42,13.91,,15.57
2021/6/8,27.65,17.07,15.43,,15.59
2021/6/9,26.57,17.89,17.09,,15.43
2021/6/10,25.69,16.1,13.83,,15.5
2021/6/11,24.93,15.65,13.06,,15.21
2021/6/14,26.32,16.39,14.92,,16.13
2021/6/15,26.55,17.02,15.92,,16.26
2021/6/16,27.29,18.15,17.94,,16.3
2021/6/17,27.48,17.75,16.67,,17.66
2021/6/18,29.49,20.7,20.14,,17.9
2021/6/21,28.46,17.89,16.83,,16.91
2021/6/22,28.13,16.66,14.58,,16.66
2021/6/23,28.36,16.32,13.63,,16.2
2021/6/24,28.29,15.97,12.77,,15.7
2021/6/25,28.27,15.62,11.86,,15.29
2021/6/28,29.65,15.76,11.92,,15.36
2021/6/29,29.49,16.02,11.86,,16.19
2021/6/30,29.81,15.83,11.11,,15.97
2021/7/1,29.26,15.48,11.43,,15.8
2021/7/2,28.69,15.07,10.4,,15.28
2021/7/6,31.01,16.44,13.76,,15.45
2021/7/7,31.78,16.2,13.07,,15.21
2021/7/8,33.01,19,17.24,,15.82
2021/7/9,31.45,16.18,13.02,,15.27
2021/7/12,31.06,16.17,13.52,,15.04
2021/7/13,31.41,17.12,14.98,,14.84
2021/7/14,30.03,16.33,13.45,,14.79
2021/7/15,30.68,17.01,14.55,,15.01
2021/7/16,30.77,18.45,16.3,,14.6
2021/7/19,34.08,22.5,22.15,,15.96
2021/7/20,31.7,19.73,17.86,,15.01
2021/7/21,30.94,17.91,14.65,,15.01
2021/7/22,30.9,17.69,14.07,,14.51
2021/7/23,30.1,17.2,12.87,,14.53
2021/7/26,31.04,17.58,14.01,,15.2
2021/7/27,31.55,19.36,17.16,,15.51
2021/7/28,29.65,18.31,14.82,,15.61
2021/7/29,28.1,17.7,13.65,,15.21
2021/7/30,28.11,18.24,14.36,,15.09
2021/8/2,28.72,19.46,16.21,,15.23
2021/8/3,28.62,18.04,13.68,,15.09
2021/8/4,28.94,17.97,13.62,,14.88
2021/8/5,28.16,17.28,13.25,,14.84
2021/8/6,27.32,16.15,10.96,,15.9
2021/8/9,27.47,16.72,12.75,,17.26
2021/8/10,27.53,16.79,13.23,,16.93
2021/8/11,26.2,16.17,11.69,,15.83
2021/8/12,26.29,15.59,11.54,,15.67
2021/8/13,25.82,15.45,11.21,,15.15
2021/8/16,27.43,16.12,13.07,,15.62
2021/8/17,29.24,17.91,16.29,,16.1
2021/8/18,29.94,21.57,23.12,,15.8
2021/8/19,31.07,21.67,21.24,,15.91
2021/8/20,28.96,18.56,15.1,,15.34
2021/8/23,27.76,17.15,14.02,,15.84
2021/8/24,27.37,17.22,13.94,,15.45
2021/8/25,27.13,16.79,12.99,,15.9
2021/8/26,27.86,18.84,17.11,,16.44
2021/8/27,26.47,16.39,12.32,,15.27
2021/8/30,27.07,16.19,12,,15.52
2021/8/31,27.61,16.48,12.75,,15.47
2021/9/1,27.16,16.11,11.75,,15.12
2021/9/2,27.34,16.41,12.73,,14.76
2021/9/3,26.75,16.41,11.66,,14.95
2021/9/7,28.3,18.14,15.33,,15.36
2021/9/8,27.97,17.96,14.75,,15.14
2021/9/9,28.05,18.8,16.55,,15.1
2021/9/10,29.3,20.95,22.58,,15.15
2021/9/13,29.42,19.37,20.2,,15.09
2021/9/14,29.84,19.46,19.43,,15.02
2021/9/15,28.53,18.18,16.2,,15.14
2021/9/16,28.67,18.69,16.64,,15.92
2021/9/17,29.7,20.81,19.66,,15.92
2021/9/20,34.97,25.71,27.7,,16.85
2021/9/21,33.53,24.36,25.13,,16.46
2021/9/22,31.28,20.87,19.46,,16.41
2021/9/23,29.69,18.63,17.08,,16.82
2021/9/24,29.08,17.75,15.24,,16.44
2021/9/27,30.36,18.76,16.96,,16.2
2021/9/28,34.53,23.25,24.56,,16.78
2021/9/29,34.25,22.56,21.79,,17.39
2021/9/30,35.18,23.14,23.03,,17.16
2021/10/1,33.53,21.1,19.77,,16.33
2021/10/4,36.35,22.96,23.04,,16.77
2021/10/5,34.41,21.3,20.32,,16.56
2021/10/6,34.81,21,19.54,,16.58
2021/10/7,32.91,19.54,18.13,,16.29
2021/10/8,32.19,18.77,16.74,,15.67
2021/10/11,33.45,20,19.75,,15.56
2021/10/12,33.69,19.85,19.41,,15.1
2021/10/13,31.27,18.64,17.45,,15.51
2021/10/14,29.48,16.86,14.8,,15.34
2021/10/15,28.45,16.3,13.24,,15.06
2021/10/18,28.77,16.31,13.91,,15.53
2021/10/19,28.57,15.7,13.34,,15.32
2021/10/20,28.8,15.49,12.69,,15.27
2021/10/21,28.77,15.01,11.81,,15.15
2021/10/22,29.32,15.43,11.98,,15.74
2021/10/25,30.78,15.24,13.09,,16.73
2021/10/26,31,15.98,14.33,,15.96
2021/10/27,31,16.98,15.16,,16.08
2021/10/28,31.29,16.53,14.31,,15.8
2021/10/29,30.92,16.26,13.67,,16.07
2021/11/1,31.8,16.41,15.02,,16.31
2021/11/2,32.1,16.03,14.74,,16.47
2021/11/3,32.11,15.1,13.1,,16.28
2021/11/4,33.6,15.44,13.04,,15.87
2021/11/5,33.71,16.48,13.15,,16.64
2021/11/8,33.79,17.22,14.43,,16.66
2021/11/9,34.7,17.78,15.19,,16.76
2021/11/10,32.61,18.73,15.95,,16.8
2021/11/11,31.4,17.66,14.3,,16.95
2021/11/12,31.32,16.29,11.99,,16.85
2021/11/15,32.1,16.49,12.2,,17
2021/11/16,31.51,16.37,11.94,,16.67
2021/11/17,32.17,17.11,11.51,,16.69
2021/11/18,32.63,17.59,12.43,,16.25
2021/11/19,33.07,17.91,12.45,,15.99
2021/11/22,34.05,19.17,16.06,,16.59
2021/11/23,35.14,19.38,16.35,,16.81
2021/11/24,34.42,18.58,14.82,,16.75
2021/11/26,39.04,28.62,30.6,,17.99
2021/11/29,35.95,22.96,21.43,,17.55
2021/11/30,38.92,27.19,28.38,,17.99
2021/12/1,40.99,31.12,33.93,,18.39
2021/12/2,40.08,27.95,28.04,,18.45
2021/12/3,43.82,30.67,31.7,,17.92
2021/12/6,40.54,27.18,27.29,,17.44
2021/12/7,36.29,21.89,20.83,,17.02
2021/12/8,34.22,19.9,17.5,,16.48
2021/12/9,35.03,21.58,20.49,,16.7
2021/12/10,33.05,18.69,15.7,,15.35
2021/12/13,35.57,20.31,18.54,,15.97
2021/12/14,36.22,21.89,21.02,,16.41
2021/12/15,34.35,19.29,16.78,,15.54
2021/12/16,36.79,20.57,18.76,,15.22
2021/12/17,36.45,21.57,19.35,,15.07
2021/12/20,37.56,22.87,22.21,,15.77
2021/12/21,33.92,21.01,18.83,,15.42
2021/12/22,32.66,18.63,14.76,,14.94
2021/12/23,32.31,17.96,13.71,,14.62
2021/12/27,33.4,17.68,14.48,,15.44
2021/12/28,33.3,17.54,14.4,,15.06
2021/12/29,32.58,16.95,12.85,,15.13
2021/12/30,32.32,17.33,13.86,,14.77
2021/12/31,32.16,17.22,13.26,,14.61
2022/1/3,33.47,16.6,13.52,,15.34
2022/1/4,33.81,16.91,13.88,,15.33
2022/1/5,36.34,19.73,18.07,,16.21
2022/1/6,35.93,19.61,17.06,,15.87
2022/1/7,35.79,18.76,15.4,,15.04
2022/1/10,37.41,19.4,17.91,,15.56
2022/1/11,35.53,18.41,16.59,,15.21
2022/1/12,34.52,17.62,14.68,,15.32
2022/1/13,37.31,20.31,18.79,,15.17
2022/1/14,35.97,19.19,17.31,,14.73
2022/1/18,39.14,22.79,24.17,,15.09
2022/1/19,39.07,23.85,23.96,,15.64
2022/1/20,39.49,25.59,26.73,,15.09
2022/1/21,43.84,28.85,30.86,,15.2
2022/1/24,48.06,29.9,35.82,,16.3
2022/1/25,48.64,31.16,37.18,,16.47
2022/1/26,46.68,31.96,37.4,,16.42
2022/1/27,45.5,30.49,33.03,,17.15
2022/1/28,41.03,27.66,28.13,,17.12
2022/1/31,38.67,24.83,25.33,,16.7
2022/2/1,37.51,21.96,21.1,,16.5
2022/2/2,37.07,22.09,21.6,,15.66
2022/2/3,41.49,24.35,24.11,,16.01
2022/2/4,37.71,23.22,21.86,,15.53
2022/2/7,38.32,22.86,21.61,,16.15
2022/2/8,36.37,21.44,20.07,,15.86
2022/2/9,33.56,19.96,18.67,,15.63
2022/2/10,35.75,23.91,23.71,,15.92
2022/2/11,39.46,27.36,26.84,,17.81
2022/2/14,40.44,28.33,27.62,,18.95
2022/2/15,37.39,25.7,24.49,,17.7
2022/2/16,36.86,24.29,21.32,,18.07
2022/2/17,39.76,28.11,27.69,,19.79
2022/2/18,39.63,27.75,26.03,,18.54
2022/2/22,40.57,28.81,28.62,,17.93
2022/2/23,42.19,31.02,30.71,,17.69
2022/2/24,41.48,30.32,30.04,,18.12
2022/2/25,37.88,27.59,26.15,,18.4
2022/2/28,40.34,30.15,31.5,,20.97
2022/3/1,44.16,33.32,34.8,,22.7
2022/3/2,40.18,30.74,30.79,,21.85
2022/3/3,41.13,30.48,30.02,,22.94
2022/3/4,43.59,31.98,31.11,,26.29
2022/3/7,47.5,36.45,38.57,,29.67
2022/3/8,46.87,35.13,36.66,,31.7
2022/3/9,42.37,32.45,33.44,,28.01
2022/3/10,42.29,30.23,30.01,,26.08
2022/3/11,43.26,30.75,30.63,,24.73
2022/3/14,45.37,31.77,34.23,,24.08
2022/3/15,42.61,29.83,30.71,,23.8
2022/3/16,39.1,26.67,26.51,,22.51
2022/3/17,37.37,25.67,24.94,,22.23
2022/3/18,35.71,23.87,22.19,,22
2022/3/21,36.48,23.53,22.73,,21.89
2022/3/22,35.34,22.94,22.57,,20.58
2022/3/23,36.48,23.57,23.21,,23.41
2022/3/24,35.75,21.67,20.42,,24.07
2022/3/25,35,20.81,18.45,,24.68
2022/3/28,35.6,19.63,17.82,,23.2
2022/3/29,34.25,18.9,17.54,,21.28
2022/3/30,34.71,19.33,17.43,,21.08
2022/3/31,36.06,20.56,18.4,,20.25
2022/4/1,35.26,19.63,16,,19.08
2022/4/4,35,18.57,15.76,,19.22
2022/4/5,36.96,21.03,18.62,,18.47
2022/4/6,38.93,22.1,19.64,,18.88
2022/4/7,39.08,21.55,19.05,,18.43
2022/4/8,38.77,21.16,17.3,,18.37
2022/4/11,41.53,24.37,22.85,,19.25
2022/4/12,40.76,24.26,22.49,,19.37
2022/4/13,37.97,21.82,19.15,,18.7
2022/4/14,38.36,22.7,19.34,,17.71
2022/4/18,39.24,22.17,20.88,,19.07
2022/4/19,37.95,21.37,20.7,,18.19
2022/4/20,40.13,20.32,19.3,,18.15
2022/4/21,41.73,22.68,22.21,,18.22
2022/4/22,45.44,28.21,29.07,,18.97
2022/4/25,45.63,27.02,28.95,,19.47
2022/4/26,50.12,33.52,37.74,,19.23
2022/4/27,47.28,31.6,34.82,,19.16
2022/4/28,43.83,29.99,32.25,,19
2022/4/29,45.85,33.4,36.11,,19.83
2022/5/2,45.61,32.34,35.4,,20.06
2022/5/3,44.05,29.25,31.61,,19.71
2022/5/4,39.87,25.42,26.16,,18.81
2022/5/5,45.87,31.2,33.25,,19.36
2022/5/6,44.72,30.19,29.79,,18.71
2022/5/9,49.92,34.75,36.65,,20.49
2022/5/10,48.31,32.99,34.7,,20.02
2022/5/11,48.72,32.56,33.92,,20.26
2022/5/12,49.71,31.77,33.32,,21.51
2022/5/13,45.44,28.87,29.38,,21.2
2022/5/16,45.32,27.47,28.52,,21.16
2022/5/17,41.86,26.1,26.92,,20.05
2022/5/18,47.74,30.96,32.3,,19.69
2022/5/19,46.12,29.35,30.69,,20.25
2022/5/20,45.95,29.43,29.19,,19.31
2022/5/23,44.33,28.48,28.98,,19.63
2022/5/24,45.91,29.45,29.48,,19.13
2022/5/25,44.53,28.37,27.37,,18.27
2022/5/26,41.86,27.5,25.67,,17.81
2022/5/27,38.93,25.72,23.13,,17.5
2022/5/31,41.04,26.19,25.91,,17.19
2022/6/1,40.75,25.69,25.12,,16.94
2022/6/2,39.33,24.72,23.57,,17.13
2022/6/3,40.21,24.79,23.05,,16.51
2022/6/6,39.95,25.07,25.57,,16.81
2022/6/7,38.28,24.02,24.23,,16.64
2022/6/8,37.08,23.96,23.91,,16.04
2022/6/9,39.29,26.09,27.54,,16.29
2022/6/10,41.65,27.75,28.78,,17.58
2022/6/13,48.66,34.02,38.86,,20.84
2022/6/14,46.7,32.69,36.95,,21.99
2022/6/15,43.43,29.62,32.53,,19.4
2022/6/16,47.3,32.95,36.58,,20.65
2022/6/17,44.18,31.13,30.4,,20.28
2022/6/21,42.86,30.19,30.38,,18.24
2022/6/22,43.16,28.95,28.3,,18.29
2022/6/23,42.69,29.05,28.29,,18.65
2022/6/24,40.61,27.23,26.04,,17.92
2022/6/27,41.67,26.95,25.81,,17.88
2022/6/28,43.09,28.36,27.18,,17.95
2022/6/29,43.33,28.16,26.56,,18.08
2022/6/30,44.6,28.71,26.86,,19.61
2022/7/1,43.03,26.7,23.56,,20.17
2022/7/5,44.73,27.54,27.34,,21.33
2022/7/6,44.74,26.73,25.95,,21.91
2022/7/7,43.34,26.08,24.79,,20.5
2022/7/8,41.92,24.64,21.91,,19.41
2022/7/11,44.06,26.17,24.46,,19.72
2022/7/12,44.92,27.29,27.13,,19.78
2022/7/13,44.15,26.82,25.94,,18.36
2022/7/14,43.75,26.4,25.22,,19.6
2022/7/15,41.64,24.23,22.14,,19.27
2022/7/18,42.87,25.3,25.6,,19.42
2022/7/19,41.5,24.5,26.2,,18.63
2022/7/20,40.82,23.88,25.18,,19.26
2022/7/21,39.91,23.11,23.44,,18.71
2022/7/22,40,23.03,22.09,,18.3
2022/7/25,40.84,23.36,23.09,,18.3
2022/7/26,42.16,24.69,24.95,,18.06
2022/7/27,37.86,23.24,22.14,,17.39
2022/7/28,35.95,22.33,20.81,,16.84
2022/7/29,33.94,21.33,18.57,,16.49
2022/8/1,35.95,22.84,21.94,,17.52
2022/8/2,36.88,23.93,23.25,,17.34
2022/8/3,35.15,21.95,20.56,,16.76
2022/8/4,35.19,21.44,19.69,,16.95
2022/8/5,33.85,21.15,19.32,,16.37
2022/8/8,34.62,21.29,19.93,,16.76
2022/8/9,35.34,21.77,20.81,,16.69
2022/8/10,32.34,19.74,17.59,,16.27
2022/8/11,32.85,20.2,18.03,,15.81
2022/8/12,31.73,19.53,16.78,,15.22
2022/8/15,32.52,19.95,18.54,,15.37
2022/8/16,32.12,19.69,18.6,,15.27
2022/8/17,32.82,19.9,18.64,,15.32
2022/8/18,32.09,19.56,17.67,,15.36
2022/8/19,32.74,20.6,18.24,,15.91
2022/8/22,35.41,23.8,22.85,,16.57
2022/8/23,35.39,24.11,23.35,,15.8
2022/8/24,34.9,22.82,21.2,,15.9
2022/8/25,33.26,21.78,20.34,,15.57
2022/8/26,36.57,25.56,23.9,,15.42
2022/8/29,37.57,26.21,24.76,,16.02
2022/8/30,37.94,26.21,24.41,,16.52
2022/8/31,38.1,25.87,23.69,,17.02
2022/9/1,38.22,25.56,23.76,,17.8
2022/9/2,38.39,25.47,22.97,,16.88
2022/9/6,39.8,26.91,26.99,,17.68
2022/9/7,36.6,24.64,24.05,,16.77
2022/9/8,35.98,23.61,22.84,,16.4
2022/9/9,33.93,22.79,21.71,,15.91
2022/9/12,35.02,23.87,25.26,,15.79
2022/9/13,38.83,27.27,29.14,,16.93
2022/9/14,37.68,26.16,27.28,,17.17
2022/9/15,38.2,26.27,27.11,,19.66
2022/9/16,39.08,26.3,27.06,,18.31
2022/9/19,38.41,25.76,27.78,,18.37
2022/9/20,39.84,27.16,30.39,,18.59
2022/9/21,40.61,27.99,30.34,,18.48
2022/9/22,40.44,27.35,27.67,,17.93
2022/9/23,42.86,29.92,30.25,,19.42
2022/9/26,45.23,32.26,34.14,,20.26
2022/9/27,45.71,32.6,33.49,,19.26
2022/9/28,44.04,30.18,31.16,,19.27
2022/9/29,46.38,31.84,32.67,,19.78
2022/9/30,46.09,31.62,31.19,,19.52
2022/10/3,44.62,30.1,30.65,,20.29
2022/10/4,42.95,29.07,29.82,,19.55
2022/10/5,43.56,28.55,28.81,,19.69
2022/10/6,44.85,30.52,31.3,,19.67
2022/10/7,46.2,31.36,30.55,,19.66
2022/10/10,47.97,32.45,32.22,,20.54
2022/10/11,49.07,33.63,34.66,,20.59
2022/10/12,49.36,33.57,34.61,,20.4
2022/10/13,47.95,31.94,31.51,,20.07
2022/10/14,48.17,32.02,29.67,,20.07
2022/10/17,47.32,31.37,30.6,,19.96
2022/10/18,46.75,30.5,28.99,,19.19
2022/10/19,46.98,30.76,28.67,,19.41
2022/10/20,45.74,29.98,27.87,,19.23
2022/10/21,44.74,29.69,28.46,,19.05
2022/10/24,45.13,29.85,31.66,,19.58
2022/10/25,43.65,28.46,30.67,,19.33
2022/10/26,42.35,27.28,29.32,,18.67
2022/10/27,42.9,27.39,29.77,,18.51
2022/10/28,39.12,25.75,27.81,,18.01
2022/10/31,39.46,25.88,29.8,,18.27
2022/11/1,39.35,25.81,30.51,,18.45
2022/11/2,39.81,25.86,29.37,,17.84
2022/11/3,39.93,25.3,28.4,,18.03
2022/11/4,39.11,24.55,27.04,,18.03
2022/11/7,39.58,24.35,27.16,,18.12
2022/11/8,39.92,25.54,28.7,,18.91
2022/11/9,39.6,26.09,28.9,,18.91
2022/11/10,37.23,23.53,24.46,,17.69
2022/11/11,36.81,22.52,21.31,,17.57
2022/11/14,38.58,23.73,21.19,,17.41
2022/11/15,38.74,24.54,21.8,,17.72
2022/11/16,38.62,24.11,19.67,,17.23
2022/11/17,37.81,23.93,19.74,,16.77
2022/11/18,36.71,23.12,18.34,,16.51
2022/11/21,36.63,22.36,19.51,,16.68
2022/11/22,34.93,21.29,19.03,,16.07
2022/11/23,34.25,20.35,16.91,,15.84
2022/11/25,34.77,20.5,17.06,,15.23
2022/11/28,36.84,22.21,20.07,,15.77
2022/11/29,36.76,21.89,20.39,,15.71
2022/11/30,34.76,20.58,18.87,,15.45
2022/12/1,34.89,19.84,18.38,,15.92
2022/12/2,33.79,19.06,17.95,,15.42
2022/12/5,35.93,20.75,23.81,,15.81
2022/12/6,37.43,22.17,27.08,,16.19
2022/12/7,35.75,22.68,28.07,,16.55
2022/12/8,35.08,22.29,26.74,,16.45
2022/12/9,35.19,22.83,26.48,,16.26
2022/12/12,36.47,25,29.54,,15.51
2022/12/13,34.43,22.55,23.7,,14.71
2022/12/14,33.85,21.14,20.2,,14.06
2022/12/15,35.48,22.83,21.73,,14.39
2022/12/16,35.67,22.62,20.51,,14.14
2022/12/19,35.59,22.42,20.83,,14.49
2022/12/20,35.31,21.48,19.78,,15.03
2022/12/21,33.75,20.07,17.58,,14.78
2022/12/22,36.74,21.97,19.84,,14.88
2022/12/23,35.61,20.87,17.49,,14.86
2022/12/27,38.12,21.65,19.77,,16.3
2022/12/28,39.07,22.14,20.88,,15.99
2022/12/29,37.77,21.44,20.49,,16.18
2022/12/30,38.08,21.67,21.14,,16.25
2023/1/3,39.71,22.9,25.08,,17.26
2023/1/4,39.19,22.01,23.92,,17.35
2023/1/5,39.44,22.46,24.54,,16.78
2023/1/6,37.59,21.13,21.57,,16.44
2023/1/9,38.81,21.97,23.04,,16.92
2023/1/10,38.33,20.58,21.5,,16.59
2023/1/11,38.67,21.09,22.41,,16.32
2023/1/12,37.12,18.83,16.46,,15.95
2023/1/13,35.43,18.35,14.82,,16.37
2023/1/17,36.91,19.36,16.61,,16.49
2023/1/18,37.32,20.34,17.24,,16.19
2023/1/19,38.07,20.52,18.28,,16.71
2023/1/20,36.39,19.85,18.26,,16.4
2023/1/23,36.05,19.81,21.25,,16.2
2023/1/24,36.12,19.2,21.84,,16.17
2023/1/25,35.48,19.08,22.01,,16.12
2023/1/26,34.23,18.73,21.05,,15.59
2023/1/27,35,18.51,20.03,,15.23
2023/1/30,36.76,19.94,22.42,,15.59
2023/1/31,35.74,19.4,21.74,,15.75
2023/2/1,34.74,17.87,18.56,,15.22
2023/2/2,36.45,18.73,19.13,,15.14
2023/2/3,33.94,18.33,17.76,,15.06
2023/2/6,34.65,19.43,20.67,,15.81
2023/2/7,34.07,18.66,19.62,,15.62
2023/2/8,34.72,19.63,21,,15.46
2023/2/9,36.11,20.71,22.74,,15.52
2023/2/10,35.42,20.53,21.5,,15.46
2023/2/13,36.09,20.34,21.41,,15.58
2023/2/14,34.64,18.91,17.72,,14.88
2023/2/15,33.61,18.23,16.02,,14.9
2023/2/16,34.46,20.17,19.33,,14.92
2023/2/17,33.8,20.02,16.94,,14.69
2023/2/21,35.5,22.87,21.14,,15.48
2023/2/22,34.94,22.29,19.2,,15.05
2023/2/23,33.56,21.14,18.11,,14.84
2023/2/24,33.86,21.67,18.38,,14.56
2023/2/27,33.87,20.95,19.37,,14.35
2023/2/28,33.46,20.7,19.59,,14.17
2023/3/1,33.71,20.58,19.59,,14.16
2023/3/2,32.53,19.59,18.71,,13.94
2023/3/3,31.04,18.49,17.76,,13.93
2023/3/6,31.57,18.61,19.6,,14.24
2023/3/7,32.24,19.59,20.96,,14.2
2023/3/8,31.22,19.11,20.57,,13.79
2023/3/9,34.17,22.61,25.46,,14.3
2023/3/10,36.46,24.8,26.86,,16.57
2023/3/13,38.32,26.52,30.93,,20
2023/3/14,35.47,23.73,25.97,,17.95
2023/3/15,38.6,26.14,29.31,,19.75
2023/3/16,35.18,22.99,24.61,,17.38
2023/3/17,37.6,25.51,27.01,,22.83
2023/3/20,36.11,24.15,25.9,,21.4
2023/3/21,34.2,21.38,22.84,,19.14
2023/3/22,35.14,22.26,23.75,,19.22
2023/3/23,36.61,22.61,23.11,,20.95
2023/3/24,36.34,21.74,20.62,,19.96
2023/3/27,35.58,20.6,19.31,,19.18
2023/3/28,34.94,19.97,18.33,,19.03
2023/3/29,33.68,19.12,17.17,,17.77
2023/3/30,33.57,19.02,17.3,,18.39
2023/3/31,32.71,18.7,16.51,,17.31
2023/4/3,33.08,18.55,17.03,,18.25
2023/4/4,33.86,19,17.42,,19.73
2023/4/5,34.2,19.08,16.99,,18.98
2023/4/6,33.78,18.4,15.68,,18.44
2023/4/10,35.21,18.97,16.8,,18.54
2023/4/11,35.05,19.1,16.86,,18.33
2023/4/12,35.14,19.09,15.9,,17.69
2023/4/13,34.03,17.8,14.65,,18.48
2023/4/14,33.38,17.07,13.35,,17.16
2023/4/17,33.06,16.95,14.51,,17.37
2023/4/18,32.56,16.83,14.71,,17.14
2023/4/19,32.41,16.46,14.3,,17.21
2023/4/20,32.64,17.17,15.13,,17.21
2023/4/21,31.85,16.77,14.88,,16.42
2023/4/24,31.79,16.89,16.65,9.96,16.88
2023/4/25,34.2,18.76,19.08,14.59,17.72
2023/4/26,33.49,18.84,19.28,14.64,17.74
2023/4/27,31.31,17.03,17.22,15.28,17.28
2023/4/28,28.95,15.78,15.53,13.35,16.47
2023/5/1,29.9,16.08,16.07,10.06,16.63
2023/5/2,31.42,17.78,18.61,19.82,18.69
2023/5/3,32.1,18.34,18.49,17.64,18.7
2023/5/4,33.65,20.09,19.88,20.77,20.35
2023/5/5,30.02,17.19,15.34,14.12,18.5
2023/5/8,30.53,16.98,15.24,11.32,18.67
2023/5/9,30.65,17.71,16.4,18.33,18.73
2023/5/10,29.06,16.94,14.59,13.39,18.37
2023/5/11,29.43,16.93,14.49,13.82,17.77
2023/5/12,29.24,17.03,14.09,14.18,17.37
2023/5/15,29.35,17.12,14.64,11.68,17.52
2023/5/16,30.18,17.99,15.99,13.98,17.62
2023/5/17,28.97,16.87,14.67,12.94,16.99
2023/5/18,28.9,16.05,14.06,13.7,16.95
2023/5/19,28.89,16.81,14.25,14.17,17.22
2023/5/22,29.16,17.21,15.52,12.29,17.55
2023/5/23,30.36,18.53,17.37,13.43,17.66
2023/5/24,31.74,20.03,19.77,17.51,17.56
2023/5/25,32.19,19.14,18.46,16.5,16.84
2023/5/26,32.13,17.95,17.24,20.34,16.3
2023/5/30,33.21,17.46,16.51,13.58,15.88
2023/5/31,33.06,17.94,16.85,15.1,15.63
2023/6/1,31.31,15.65,13.98,13.98,15.5
2023/6/2,29.42,14.6,12.74,11.9,14.32
2023/6/5,29.47,14.73,14.14,10.57,14.27
2023/6/6,28.23,13.96,13.83,10.27,13.94
2023/6/7,27.76,13.94,13.86,11.04,13.81
2023/6/8,27.82,13.65,13.59,11.02,13.94
2023/6/9,28.08,13.83,13.29,11.59,13.69
2023/6/12,29.5,15.01,15.35,16.75,13.7
2023/6/13,29.22,14.61,14.4,17.26,13.45
2023/6/14,29.3,13.88,12.71,13.98,12.84
2023/6/15,29.78,14.5,13.58,15,13
2023/6/16,29.47,13.54,11.33,12.43,12.4
2023/6/20,30.33,13.88,12.92,11.04,12.73
2023/6/21,29.36,13.2,12.03,10.93,12.98
2023/6/22,29.08,12.91,11.15,10.34,12.96
2023/6/23,28.94,13.44,11.61,11.32,12.73
2023/6/26,30.04,14.25,12.68,11.09,13.08
2023/6/27,29.53,13.74,12.05,10.54,12.88
2023/6/28,29.84,13.43,11.74,11.36,12.53
2023/6/29,29.54,13.54,11.75,13.09,12.21
2023/6/30,28.7,13.59,11.53,15.3,12.04
2023/7/3,29.63,13.57,12,9.89,12.22
2023/7/5,30.6,14.18,12.57,9.99,12.46
2023/7/6,31.61,15.44,13.96,13.92,12.25
2023/7/7,31.22,14.83,12.6,11.25,12.12
2023/7/10,32.52,15.07,13.5,10.48,12.41
2023/7/11,32.23,14.84,13.7,15.91,12.64
2023/7/12,32.18,13.54,11.38,10.62,13.12
2023/7/13,32.87,13.61,12.13,12.06,12.73
2023/7/14,33.21,13.34,11.9,10.17,12.05
2023/7/17,34.19,13.48,13.09,9.72,12.34
2023/7/18,34.48,13.3,13.15,9.63,12.62
2023/7/19,34.83,13.76,13.36,10.65,12.89
2023/7/20,33.77,13.99,13.57,11.26,12.67
2023/7/21,33.19,13.6,12.5,9.73,12.23
2023/7/24,32.95,13.91,13.41,9.32,12.35
2023/7/25,33.47,13.86,13.49,15.14,12.42
2023/7/26,31.31,13.19,11.74,10.42,12.11
2023/7/27,31.03,14.41,13.47,14.81,12.29
2023/7/28,29.65,13.33,11.23,10.47,11.78
2023/7/31,30.65,13.63,12.62,9.38,12.16
2023/8/1,30.59,13.93,13.01,9.42,11.83
2023/8/2,31.97,16.09,15.4,13.79,12.45
2023/8/3,32.13,15.92,15.06,15.3,12.79
2023/8/4,30.86,17.1,16.09,14.69,12.22
2023/8/7,30.66,15.77,14.68,10.49,12.24
2023/8/8,31.22,15.99,14.81,11.08,12.21
2023/8/9,31.69,15.96,15.33,17.44,12.33
2023/8/10,31.04,15.85,15.38,15.26,11.84
2023/8/11,30.06,14.84,13.63,12.98,11.54
2023/8/14,30.59,14.82,14.57,11.77,11.97
2023/8/15,31.72,16.46,16.56,14.2,12.11
2023/8/16,32.13,16.78,16.36,14.16,12.43
2023/8/17,32.49,17.89,17.47,15.97,12.89
2023/8/18,32.33,17.3,16.54,16.14,12.63
2023/8/21,32.25,17.13,16.82,13.6,12.91
2023/8/22,32.5,16.97,16.39,12.82,12.58
2023/8/23,31.82,15.98,15.34,15.34,12.67
2023/8/24,30.64,17.2,16.1,17.36,12.53
2023/8/25,29.08,15.68,13.78,13.96,12.09
2023/8/28,29.19,15.08,13.53,11.35,12.21
2023/8/29,28.3,14.45,13.3,12.31,12.5
2023/8/30,28.03,13.88,12.42,11.98,12.39
2023/8/31,27.72,13.57,11.79,12.72,11.78
2023/9/1,26.75,13.09,10.45,10.44,11.28
2023/9/5,27.95,14.01,12.89,9.93,11.36
2023/9/6,27.42,14.45,13.1,10.64,11.31
2023/9/7,28.1,14.4,13.1,11.05,11.11
2023/9/8,27.03,13.84,12.38,10.92,10.99
2023/9/11,27.69,13.8,13.27,9.98,10.75
2023/9/12,27.72,14.23,14.05,13.78,10.82
2023/9/13,26.86,13.48,12.47,11.01,10.33
2023/9/14,26.32,12.82,11.8,11.93,10.22
2023/9/15,26.64,13.79,12.51,10.59,10.34
2023/9/18,26.96,14,13.62,9.58,11.1
2023/9/19,27.22,14.11,14.23,13.79,11.09
2023/9/20,28.1,15.14,15.27,13.84,10.96
2023/9/21,30.11,17.54,18.88,19.09,11.11
2023/9/22,30.31,17.2,17.51,17.49,10.87
2023/9/25,31.02,16.9,17.56,14.96,11.43
2023/9/26,32.8,18.94,19.85,16.95,13.63
2023/9/27,32.58,18.22,18.92,17.53,13.86
2023/9/28,31.7,17.34,17.63,19.47,13.09
2023/9/29,31.28,17.52,17.2,17.29,12.94
2023/10/2,32.43,17.61,17.61,14.64,14.13
2023/10/3,34.85,19.78,19.9,16.76,15.31
2023/10/4,34.09,18.58,18.3,15.78,14.58
2023/10/5,33.69,18.49,18.36,19.48,14.7
2023/10/6,32.88,17.45,16.29,15.47,14.03
2023/10/9,33.7,17.7,17.88,15.12,15.18
2023/10/10,33.07,17.03,17.11,14.69,14.49
2023/10/11,33,16.09,15.17,15.57,14.38
2023/10/12,33.32,16.69,15.87,14.84,13.98
2023/10/13,34.89,19.32,18.76,20.96,18.91
2023/10/16,34.08,17.21,17.19,14.28,16.22
2023/10/17,34.04,17.88,17.71,14.33,16.59
2023/10/18,35.88,19.22,18.9,17.63,17.38
2023/10/19,36.24,21.4,21.46,20.43,19.4
2023/10/20,36.98,21.71,20.76,20.71,18.56
2023/10/23,36.48,20.37,20.69,16.34,17.28
2023/10/24,35.45,18.97,19.31,16.07,16.05
2023/10/25,36.09,20.19,20.49,17.62,16.76
2023/10/26,36.13,20.68,20.8,18.63,16.53
2023/10/27,34.81,21.27,21.36,20.76,17.69
2023/10/30,34.05,19.75,20.65,16.27,16.84
2023/10/31,32.7,18.14,19.02,18.16,16.23
2023/11/1,31.15,16.87,16.87,14.81,15.36
2023/11/2,29.49,15.66,15.16,15.29,14.76
2023/11/3,28.53,14.91,13.71,13.3,14.04
2023/11/6,28.59,14.89,14.53,10.73,13.25
2023/11/7,28.45,14.81,14.43,10.58,13.33
2023/11/8,27.86,14.45,13.83,11.15,14.07
2023/11/9,28.65,15.29,14.7,13.39,14.06
2023/11/10,27.9,14.17,12.78,12.17,13.96
2023/11/13,28.74,14.76,13.8,15.32,13.92
2023/11/14,27.97,14.16,12.87,13.72,13.73
2023/11/15,28.54,14.18,11.89,11.65,12.98
2023/11/16,28.27,14.32,11.81,11.49,13.04
2023/11/17,28.09,13.8,10.67,9.9,12.97
2023/11/20,26.97,13.41,11.14,8.96,12.59
2023/11/21,26.85,13.35,11.47,12.12,14.09
2023/11/22,25.05,12.85,9.96,10.55,13.35
2023/11/24,24.94,12.46,9.83,8.77,13.05
2023/11/27,25.31,12.69,11.27,8.21,13.31
2023/11/28,25.23,12.69,11.52,8.81,15.54
2023/11/29,25.47,12.98,12.05,10.39,15.04
2023/11/30,25.12,12.92,12.3,11.44,14.22
2023/12/1,25.03,12.63,11.98,10.62,16.96
2023/12/4,26.34,13.08,13.46,9.91,17.13
2023/12/5,26.28,12.85,13.53,9.38,15.46
2023/12/6,25.14,12.97,13.67,9.73,15.4
2023/12/7,24.95,13.06,13.73,14.19,14.93
2023/12/8,24,12.35,12.21,9.97,14.14
2023/12/11,25.15,12.63,12.68,13.22,13.99
2023/12/12,24.32,12.07,11.64,12.61,12.82
2023/12/13,24.8,12.19,12.43,15.28,13.67
2023/12/14,25.66,12.48,12.29,15.22,13.96
2023/12/15,25.7,12.28,10.87,9.84,13.49
2023/12/18,25.49,12.56,11.44,8.8,13.79
2023/12/19,25.44,12.53,11.25,8.69,13.75
2023/12/20,26.55,13.67,13.67,15.2,13.82
2023/12/21,26.46,13.65,13.11,12.37,14.27
2023/12/22,26.05,13.03,11.56,10.02,15.25
2023/12/26,27.65,12.99,12.45,8.21,15.83
2023/12/27,27.52,12.43,11.23,8.23,16.96
2023/12/28,27.29,12.47,11.23,10.37,16.05
2023/12/29,27.09,12.45,10.67,9.42,15.85
2024/1/2,29.09,13.2,12.59,9.45,15.73
2024/1/3,29.5,14.04,13.24,10.62,14.85
2024/1/4,29.54,14.13,13.06,13.1,14.2
2024/1/5,28.86,13.35,11.71,10,13.81
2024/1/8,29.32,13.08,11.7,9.45,13.56
2024/1/9,29.32,12.76,11.35,9.02,13.16
2024/1/10,29.88,12.69,11.09,13.82,13.26
2024/1/11,29.99,12.44,10.75,11.15,12.8
2024/1/12,29.44,12.7,10.52,11.67,13.49
2024/1/16,30.81,13.84,12.64,9.94,13.55
2024/1/17,31.37,14.79,13.32,11.38,13.53
2024/1/18,31.08,14.13,12.66,11.84,13.09
2024/1/19,30.75,13.3,11.82,10.15,12.95
2024/1/22,31.28,13.19,13.18,9.34,12.83
2024/1/23,30.67,12.55,12.49,8.63,12.73
2024/1/24,30.98,13.14,13.58,10.74,12.7
2024/1/25,31.07,13.45,13.74,11.06,12.79
2024/1/26,30.55,13.26,13.07,9.47,11.91
2024/1/29,31.15,13.6,13.95,9.33,13.08
2024/1/30,31.97,13.31,13.72,14.5,13.05
2024/1/31,30.46,14.35,14.55,13.47,13.16
2024/2/1,29.74,13.88,13.28,13.91,13.72
2024/2/2,28.09,13.85,13.04,12.35,12.66
2024/2/5,29.69,13.67,13.35,9.7,12.49
2024/2/6,29.08,13.06,12.46,9.86,12.31
2024/2/7,28.58,12.83,11.96,10.1,11.84
2024/2/8,28.71,12.79,11.6,10,11.71
2024/2/9,28.94,12.93,11.61,10.66,11.2
2024/2/12,30.97,13.93,13.03,14.06,11.81
2024/2/13,32.27,15.85,15,13.72,12.15
2024/2/14,31.68,14.38,12.92,12.1,12.02
2024/2/15,31.85,14.01,12.47,12.93,11.79
2024/2/16,32.17,14.24,12.57,13.22,11.75
2024/2/20,32.23,15.42,14.85,11.88,11.81
2024/2/21,31.47,15.34,14.65,17.83,11.46
2024/2/22,29.06,14.54,13.17,12.03,11.19
2024/2/23,28.61,13.75,11.92,10.27,11.5
2024/2/26,29.26,13.74,13.13,9.82,11.29
2024/2/27,28.77,13.43,12.84,9.68,10.95
2024/2/28,28.7,13.84,13.52,12.99,10.93
2024/2/29,28.21,13.4,12.48,10.95,11.16
2024/3/1,28.83,13.11,11.82,9.37,13.47
2024/3/4,30.84,13.49,13.23,8.49,14.61
2024/3/5,31.85,14.46,14.88,12.84,14.54
2024/3/6,32.16,14.5,14.88,11.43,15.17
2024/3/7,33.64,14.44,14.55,14.65,15.09
2024/3/8,33.54,14.74,14.63,12.51,15.47
2024/3/11,33.11,15.22,16.46,19.19,15.5
2024/3/12,33.31,13.84,14.07,10.45,14.1
2024/3/13,32.72,13.75,14.1,11.88,14.09
2024/3/14,32.07,14.4,14.87,14.28,13.3
2024/3/15,32.09,14.41,14.16,11.88,13.54
2024/3/18,31.91,14.33,14.5,12.41,13.83
2024/3/19,29.7,13.82,13.64,15,13.48
2024/3/20,28.87,13.04,11.58,10.9,13.62
2024/3/21,29.69,12.92,11.17,9.44,13.42
2024/3/22,29.72,13.06,10.86,9.37,12.53
2024/3/25,31.15,13.19,11.47,8.06,12.09
2024/3/26,30.85,13.24,11.59,9.19,12.57
2024/3/27,30.26,12.78,10.53,9.41,13.58
2024/3/28,29.98,13.01,10.56,10.33,15.44
2024/4/1,31.93,13.65,12.62,8.14,16.25
2024/4/2,32.02,14.61,14.03,10.19,17.13
2024/4/3,32.12,14.33,13.27,9.43,17.49
2024/4/4,33.7,16.35,17.14,21.41,17.29
2024/4/5,32.95,16.03,15.46,14.5,16.92
2024/4/8,33.62,15.19,14.56,9.65,18.17
2024/4/9,33.28,14.98,14.7,18.03,18.3
2024/4/10,34.59,15.8,15.81,17.1,18.67
2024/4/11,34.42,14.91,14.18,13.49,18.97
2024/4/12,35.73,17.31,17.33,20.37,20.21
2024/4/15,36.91,19.23,20.76,19.97,22.25
2024/4/16,36.39,18.4,19.24,17.38,20.56
2024/4/17,36.74,18.21,18.1,16.59,19.01
2024/4/18,36.62,18,17.88,16.16,18.65
2024/4/19,37.79,18.71,18.13,18.36,18.51
2024/4/22,36.5,16.94,17.45,13.56,17.76
2024/4/23,35.72,15.69,16.25,11.59,17.73
2024/4/24,35.84,15.97,16.29,13.32,17.45
2024/4/25,35.57,15.37,15.81,15.76,17.32
2024/4/26,33.04,15.03,14.67,11.24,16.92
2024/4/29,34.19,14.67,15.11,9.8,16.92
2024/4/30,34.65,15.65,16.66,18.1,16.54
2024/5/1,32.82,15.39,15.91,14.12,16.25
2024/5/2,31.87,14.68,14.86,18.33,16.05
2024/5/3,30.35,13.49,12,10.48,15.83
2024/5/6,30.67,13.49,13.13,9.13,16.23
2024/5/7,30.16,13.23,12.76,8.4,15.75
2024/5/8,30.3,13,12.48,8.82,15.29
2024/5/9,29.59,12.69,11.92,8.45,16.27
2024/5/10,28.98,12.55,11.82,8.26,16.2
2024/5/13,29.65,13.6,13.71,11.79,16.52
2024/5/14,29.23,13.42,13.31,16.85,16.61
2024/5/15,29.37,12.45,11.42,8.93,16.99
2024/5/16,29.48,12.42,10.96,9.47,16.26
2024/5/17,28.95,11.99,9.67,7.5,17.4
2024/5/20,28.71,12.15,10.53,7.43,17.58
2024/5/21,28.36,11.86,10.08,7.01,16.76
2024/5/22,28.82,12.29,11.14,16.23,16.45
2024/5/23,27.31,12.77,10.79,11.72,16.03
2024/5/24,26.47,11.93,9.19,8.59,15.26
2024/5/28,28.93,12.92,11.51,7.99,15.92
2024/5/29,29.89,14.28,13.41,10.89,15.83
2024/5/30,30.4,14.47,13.67,12.39,15.74
2024/5/31,29.54,12.92,11.68,10.2,15.26
2024/6/3,30.33,13.11,13.91,9.98,16
2024/6/4,29.79,13.16,14.28,10.68,16.22
2024/6/5,30.11,12.63,13.99,9.47,16.5
2024/6/6,30.1,12.58,13.47,13.34,16.85
2024/6/7,29.44,12.22,12.33,9.3,17.13
2024/6/10,29.04,12.74,12.85,8.26,16.66
2024/6/11,29.25,12.85,12.87,18.1,16.45
2024/6/12,28.58,12.04,10.4,11.11,15.92
2024/6/13,29.39,11.94,10.28,8.69,15.71
2024/6/14,29.83,12.66,11,10.44,16.07
2024/6/17,31.08,12.75,11.94,9.85,15.63
2024/6/18,30.98,12.3,11.12,9.51,15.64
2024/6/20,31.98,13.28,12.36,12.25,16.4
2024/6/21,31.15,13.2,10.96,8.94,15.86
2024/6/24,32.44,13.33,11.83,8.75,15.49
2024/6/25,31.75,12.84,11.1,8.16,14.88
2024/6/26,32.15,12.55,10.51,8.69,14.88
2024/6/27,32.2,12.24,10.49,10.82,15.01
2024/6/28,32.08,12.44,10.54,11.27,14.72
2024/7/1,32.48,12.22,10.93,8.1,14.86
2024/7/2,32.08,12.03,10.6,8.82,14.35
2024/7/3,32.98,12.09,10.72,11.11,14.89
2024/7/5,33.66,12.48,10.81,8.54,15.62
2024/7/8,34.82,12.37,11.05,7.23,15.13
2024/7/9,35.12,12.51,11.11,7.34,14.64
2024/7/10,36.26,12.85,12,13.03,14.89
2024/7/11,36.83,12.92,11.42,10.64,15.74
2024/7/12,36.17,12.46,10.55,9.67,15.12
2024/7/15,36.67,13.12,12.18,9.93,15.98
2024/7/16,36.08,13.19,11.8,9.61,17.15
2024/7/17,37.6,14.48,13.16,13.2,16.7
2024/7/18,38.12,15.93,14.9,15.5,16.25
2024/7/19,38.17,16.52,15.04,13.92,16.34
2024/7/22,37.12,14.91,14.79,11.02,15.74
2024/7/23,36.96,14.72,14.61,12.04,15.44
2024/7/24,38.19,18.04,19.79,18.59,15.98
2024/7/25,38.75,18.46,19.82,18.89,15.54
2024/7/26,37.61,16.39,16.81,15.4,15.2
2024/7/29,38.26,16.6,17.39,13.68,15.64
2024/7/30,39.13,17.69,18.9,20.61,16.3
2024/7/31,37.22,16.36,16.51,15.96,17.88
2024/8/1,39.28,18.59,19.54,24.43,17.61
2024/8/2,42.26,23.39,23.31,26.67,18.7
2024/8/5,51.52,38.57,42.79,39.36,21.95
2024/8/6,43.39,27.71,28.93,26.61,19.1
2024/8/7,44.1,27.85,29.26,28.71,18.12
2024/8/8,40.21,23.79,23.9,22.09,18.45
2024/8/9,38.42,20.37,20.06,18.28,17.8
2024/8/12,38.43,20.71,21.92,18.81,20.61
2024/8/13,37.28,18.12,18.57,19.3,19.18
2024/8/14,36.07,16.19,15.79,14.74,18.49
2024/8/15,34.72,15.23,14.37,14.04,18.16
2024/8/16,34.89,14.8,12.97,10.69,20.09
2024/8/19,35.12,14.65,14.12,9.38,18.77
2024/8/20,36.03,15.88,15.85,11.7,18.47
2024/8/21,35.69,16.27,15.65,11.63,18.63
2024/8/22,37.69,17.55,16.55,17.05,17.89
2024/8/23,35.95,15.86,13.69,10.8,17.49
2024/8/26,37.8,16.15,14.87,10.11,17.9
2024/8/27,36.28,15.43,14.17,8.86,17.69
2024/8/28,37.15,17.11,16.64,21.35,17.18
2024/8/29,32.37,15.65,13.73,12.94,17.22
2024/8/30,30.76,15,12.9,11.33,16.4
2024/9/3,35.26,20.72,20.07,15.31,16.55
2024/9/4,35.54,21.32,20.43,16.2,16.19
2024/9/5,35.18,19.9,19.54,21.69,16.48
2024/9/6,36.89,22.38,22.26,20.44,16.49
2024/9/9,35.55,19.45,19.67,13.84,16.16
2024/9/10,35.24,19.08,19.69,19.18,16.08
2024/9/11,34.6,17.69,17.88,14.98,15.52
2024/9/12,34.24,17.07,16.75,12.99,16.74
2024/9/13,33.07,16.56,15.8,12.85,16.88
2024/9/16,33.68,17.14,17.19,12.13,17.03
2024/9/17,33.59,17.61,18.09,21.32,17.49
2024/9/18,33.76,18.23,17.95,18.44,17.13
2024/9/19,32.02,16.33,14.66,14.86,16.76
2024/9/20,32.02,16.15,13.2,11.51,17.08
2024/9/23,32.22,15.89,14.35,8.95,17.72
2024/9/24,32.63,15.39,14.12,8.6,19.26
2024/9/25,33.34,15.41,14.24,9.1,19.13
2024/9/26,33.79,15.37,14.56,10.57,18.82
2024/9/27,34.68,16.96,15.74,13.22,18.59
2024/9/30,35.28,16.73,16.65,11.97,18.08
2024/10/1,36.76,19.26,19.55,14.63,18.57
2024/10/2,36.58,18.9,18.76,14.29,18.07
2024/10/3,37.25,20.49,20.41,19.17,18.28
2024/10/4,35.95,19.21,16.48,13.95,17.48
2024/10/7,38.73,22.64,20,14.04,17.71
2024/10/8,37.94,21.42,18,11.24,17.64
2024/10/9,38.39,20.86,16.41,15.09,17.62
2024/10/10,38.41,20.93,15.49,12.46,17.27
2024/10/11,37.18,20.46,14.33,11.19,17.27
2024/10/14,36.69,19.7,14.64,9.33,17.47
2024/10/15,37.76,20.64,14.88,10.68,17.38
2024/10/16,37.28,19.58,14.25,10.63,17.31
2024/10/17,37.27,19.11,13.85,11.12,17.57
2024/10/18,36.15,18.03,12.38,9.09,17.77
2024/10/21,37.11,18.37,14.39,8.65,18.19
2024/10/22,37.57,18.2,14.55,8.97,18.73
2024/10/23,38.34,19.24,16.49,12.04,18.98
2024/10/24,38.13,19.08,16.67,11.14,18.66
2024/10/25,38.52,20.33,18.49,15.17,18.88
2024/10/28,38.8,19.8,21.17,10.42,18.34
2024/10/29,38.71,19.34,21.77,11.75,18.51
2024/10/30,38.43,20.35,23.59,13.63,18.68
2024/10/31,39.11,23.16,26.05,19.22,19.46
2024/11/1,36.46,21.88,23.47,15.03,19.29
2024/11/4,36.77,21.98,25.77,14.6,19.91
2024/11/5,35.95,20.49,24.7,30.62,19.59
2024/11/6,32.86,16.27,15.85,14.87,17.63
2024/11/7,31.79,15.2,13.84,11.48,17.37
2024/11/8,31.7,14.94,13.09,9.44,15.91
2024/11/11,34.08,14.97,14,9.39,16.02
2024/11/12,34.21,14.71,13.92,11.57,16.25
2024/11/13,33.76,14.02,12.81,9.62,17.05
2024/11/14,33.32,14.31,13.13,11.97,17.39
2024/11/15,36.13,16.14,14.81,13.4,17.17
2024/11/18,35.49,15.58,13.98,10.26,16.97
2024/11/19,35.17,16.35,14.24,11.64,17.85
2024/11/20,37.13,17.16,15.08,19.11,18.34
2024/11/21,33.2,16.87,14.15,13.84,17.59
2024/11/22,32.39,15.24,11.46,9.93,17.54
2024/11/25,31.69,14.6,12.31,8.64,17.8
2024/11/26,30.34,14.1,11.73,8.64,17
2024/11/27,29.97,14.1,10.75,11.45,16.54
2024/11/29,29.71,13.51,10.89,8.64,16.37
2024/12/2,30.42,13.34,11.86,7.32,16.33
2024/12/3,30.03,13.3,11.87,8.31,16.21
2024/12/4,29.97,13.45,11.6,8.03,15.92
2024/12/5,30.5,13.54,11.68,11.16,15.93
2024/12/6,30.95,12.77,10.38,7.31,15.04
2024/12/9,32.07,14.19,12.97,7.75,15.75
2024/12/10,31.82,14.18,13.29,10,16.34
2024/12/11,31.17,13.58,12.04,7.63,16.86
2024/12/12,31.25,13.92,11.93,8.71,15.43
2024/12/13,31.72,13.81,10.9,8.62,15.63
2024/12/16,34.33,14.69,12.06,8.94,15.38
2024/12/17,35.17,15.87,13.39,13.29,15.64
2024/12/18,37.74,27.62,35.42,45.75,16.54
2024/12/19,39.52,24.09,23.72,23.31,15.83
2024/12/20,35.46,18.36,15.95,17.37,15.73
2024/12/23,34.25,16.78,14.76,13.44,15.54
2024/12/24,32.79,14.27,10.89,8.86,14.71
2024/12/26,34.08,14.73,11.63,9.59,15.19
2024/12/27,34.75,15.95,13.31,13.67,14.67
2024/12/30,35.59,17.4,15.81,16.56,15.02
2024/12/31,35.46,17.35,15.15,15.3,14.62
2025/1/2,35.54,17.93,16.26,15.43,15.07
2025/1/3,35.1,16.13,13.44,11.59,14.49
2025/1/6,36.67,16.04,14.2,11.42,14.76
2025/1/7,36.68,17.82,16.1,14.25,14.68
2025/1/8,36.97,17.7,16.15,18.67,14.82
2025/1/10,37.82,19.54,17.83,16.41,15.77
2025/1/13,38.45,19.19,18.7,16.82,15.27
2025/1/14,38.06,18.71,18.15,22.48,15
2025/1/15,36.09,16.12,13.94,13.63,15.23
2025/1/16,35.79,16.6,14.88,14.35,15.4
2025/1/17,35.44,15.97,14.13,14.89,14.98
2025/1/21,35.68,15.06,14.31,10.46,15.5
2025/1/22,35.38,15.1,13.57,9.58,15.24
2025/1/23,34.99,15.02,13.42,9.26,14.95
2025/1/24,34.96,14.85,12.88,9.01,14.85
2025/1/27,40.74,17.9,18.45,14.74,15.23
2025/1/28,38.53,16.41,16.64,13.53,15.46
2025/1/29,40.73,16.56,16.41,16.13,14.84
2025/1/30,38.6,15.84,14.98,14.72,16.09
2025/1/31,38.51,16.43,15.85,16.51,15.82
2025/2/3,39.41,18.62,19.38,18.25,16.81
2025/2/4,37.66,17.21,17,14.99,17.11
2025/2/5,36.43,15.77,14.88,11.08,17.19
2025/2/6,35.06,15.5,14.15,15.75,16.27
2025/2/7,35.56,16.54,14.67,16.15,16.23
2025/2/10,35.29,15.81,13.76,11.29,17.59
2025/2/11,35.33,16.02,13.83,14.07,17.48
2025/2/12,35.31,15.89,13.51,12.75,17.34
2025/2/13,35.02,15.1,12.31,10.98,17.13
2025/2/14,34.62,14.77,11.56,11.82,17.23
2025/2/18,36.04,15.35,13.2,9.31,18.03
2025/2/19,35.5,15.27,13.06,9.32,16.76
2025/2/20,35.41,15.66,13.46,11.2,16.45
2025/2/21,37.82,18.21,17,18.16,16.55
2025/2/24,39.13,18.98,18.3,15.1,16.73
2025/2/25,40.54,19.43,19.29,14.62,16.72
2025/2/26,39.11,19.1,18.88,20.49,16.36
2025/2/27,39.47,21.13,20.95,19.54,16.45
2025/2/28,37.55,19.63,18.88,18.67,15.82
2025/3/3,40.85,22.78,23.96,21.75,16.81
2025/3/4,41.97,23.51,24.79,24.63,17.25
2025/3/5,39.6,21.93,22.9,22.11,16.92
2025/3/6,41.92,24.87,26.79,31.13,16.83
2025/3/7,40.11,23.37,23.79,24.66,16.19
2025/3/10,45.74,27.86,31.19,28.65,17.06
2025/3/11,44.96,26.92,28.93,30.12,17.14
2025/3/12,41.82,24.23,25.26,23.19,16.82
2025/3/13,42.51,24.66,25.36,23.38,17.41
2025/3/14,38.82,21.77,21.77,21.42,17.13
2025/3/17,37.94,20.51,21.3,16.35,17.6
2025/3/18,38.88,21.7,22.59,22.09,17.53
2025/3/19,36.9,19.9,19.79,18.49,16.74
2025/3/20,36.88,19.8,19.46,18.58,16.45
2025/3/21,35.77,19.28,18.58,16.66,15.98
2025/3/24,35.25,17.48,18.56,12.99,15.8
2025/3/25,35.08,17.15,18.01,12.23,15.23
2025/3/26,36.8,18.33,19.96,16.08,15.04
2025/3/27,37.26,18.69,20.03,17.06,16.08
2025/3/28,39.69,21.65,22.69,25.42,16.45
2025/3/31,40.74,22.28,25.14,21.81,17.84
2025/4/1,40.35,21.77,24.46,20.06,17.95
2025/4/2,40.1,21.51,24.29,26.68,17.92
2025/4/3,47.13,30.02,34.1,33.83,18.36
2025/4/4,60.38,45.31,57.17,81.89,22.03
2025/4/7,64.74,46.98,62.58,66.51,19.68
2025/4/8,70.16,52.33,67.63,73.57,23.73
2025/4/9,51.7,33.62,40.06,50.16,24.53
2025/4/10,62.13,40.72,50.43,56.2,26.59
2025/4/11,57.5,37.56,43.32,54.19,28.44
2025/4/14,52.16,30.89,34.2,28.51,23.8
2025/4/15,48.54,30.12,29.94,26.03,21.54
2025/4/16,51.51,32.64,33.22,34.97,26.73
2025/4/17,49.18,29.65,27.65,31.35,24.14
2025/4/21,52.29,33.82,36.56,30.65,28.14
2025/4/22,48.98,30.57,33.14,29.09,28.44
2025/4/23,46.7,28.45,30.74,30.4,25.23
2025/4/24,44.71,26.47,28.28,25.69,24.93
2025/4/25,42.72,24.84,24.64,23.59,23.36
2025/4/28,43.58,25.15,26.47,21.36,23.25
2025/4/29,42.77,24.17,24.95,22.12,22.1
2025/4/30,43.32,24.7,25.07,22.91,21.52
2025/5/1,41.34,24.6,24.82,27.52,21.51
2025/5/2,38.94,22.68,21.22,19.98,21.35
2025/5/5,39.8,23.64,22.73,16.68,23.2
2025/5/6,39.94,24.76,24.14,22.19,24.72
2025/5/7,40.34,23.55,22.69,19.79,22.99
2025/5/8,39.06,22.48,21.63,18.12,22.58
2025/5/9,38.43,21.9,20.87,26.85,21.86
2025/5/12,35.87,18.39,17.97,18.73,21.38
2025/5/13,36.64,18.22,17.41,15.41,19.58
2025/5/14,38.46,18.62,17.53,15.21,20.78
2025/5/15,37.9,17.83,15.88,15.07,21.63
2025/5/16,37.78,17.24,14.35,13.39,21.47
2025/5/19,37.76,18.14,16.81,13.46,21.37
2025/5/20,37.53,18.09,16.57,13.74,21.95
2025/5/21,39.19,20.87,19.56,18.07,22.23
2025/5/22,38.9,20.28,18.42,16.55,21.55
2025/5/23,39.77,22.29,20.63,21.73,22.28
2025/5/27,38.64,18.96,17.9,13.14,21.12
2025/5/28,38.47,19.31,18.19,19.49,19.69
2025/5/29,36.42,19.18,17.84,17.41,19.65
2025/5/30,35.87,18.57,16.74,16.95,19.1
2025/6/2,35.53,18.36,17.64,13.26,20.6
2025/6/3,34.92,17.69,16.62,12.05,20.1
2025/6/4,35.01,17.61,16.04,12.15,19.82
2025/6/5,36.59,18.48,17.34,19.05,19.69
2025/6/6,34.06,16.77,14.2,14.32,19.16
2025/6/9,34.01,17.16,15.38,12.28,19.45
2025/6/10,33.74,16.95,15.16,15.95,19
2025/6/11,32.83,17.26,15.42,13.89,19.16
2025/6/12,32.34,18.02,16.12,12.71,19.7
2025/6/13,33.99,20.82,19.26,21.67,21.16
2025/6/16,33.16,19.11,17.87,12.73,19.87
2025/6/17,34.39,21.6,21.86,21.03,20.41
2025/6/18,33.98,20.14,19.13,22.13,19.58
2025/6/20,34.09,20.62,18.32,18.41,19.27
2025/6/23,33.63,19.83,17.92,13.45,19.02
2025/6/24,32.62,17.48,15.4,11.18,18.28
2025/6/25,33.22,16.76,13.81,10.42,17.33
2025/6/26,33.4,16.59,13.49,11.08,16.65
2025/6/27,33.65,16.32,12.81,12.19,16.49
2025/6/30,34.49,16.73,13.77,10.17,17.31
2025/7/1,34.69,16.83,13.79,9.68,16.76
2025/7/2,34.52,16.64,13.07,16.14,16.87
2025/7/3,33.95,16.38,12.85,14.64,16.19
2025/7/7,36.32,17.79,15.71,11.76,16.91
2025/7/8,35.9,16.81,13.9,10.53,16.2
2025/7/9,35.41,15.94,12.53,9.64,15.86
2025/7/10,35.68,15.78,12.46,9.49,16.04
2025/7/11,35.75,16.4,13.03,12.47,16.94
2025/7/14,36.57,17.2,14.27,12.45,16.99
2025/7/15,36.62,17.38,14.69,12.2,16.37
2025/7/16,36.22,17.16,13.77,10.94,17.27
2025/7/17,35.96,16.52,13.14,10.77,16.91
2025/7/18,35.5,16.41,12.7,9.85,16.73
2025/7/21,35.55,16.65,14.95,8.85,17.78
2025/7/22,36.13,16.5,15.03,8.41,19.08
2025/7/23,35.9,15.37,14.05,10.01,18.44
2025/7/24,34.15,15.39,14.08,10.03,17.82
2025/7/25,33.42,14.93,12.83,8.9,17.05
2025/7/28,34.13,15.03,13.37,7.93,16.79
2025/7/29,34.61,15.98,14.62,12.67,16.61
2025/7/30,34.63,15.48,13.46,13.83,16.48
2025/7/31,35.11,16.72,15.15,16.83,16.04
2025/8/1,35.41,20.38,19.53,20.01,17.3
2025/8/4,34.75,17.52,16.43,11.15,17.07
2025/8/5,34.44,17.85,16.81,12.31,16.68
2025/8/6,33.23,16.77,15,11.36,16.42
2025/8/7,33.5,16.57,14.76,12.47,16.95
2025/8/8,32.49,15.15,12.86,10.86,16.36
2025/8/11,33.57,16.25,15.75,15.93,16.94
2025/8/12,32.86,14.73,13.11,9.46,16.35
2025/8/13,33.05,14.49,12.38,10.11,15.95
2025/8/14,33.07,14.83,12.98,11.95,15.33
2025/8/15,33.46,15.09,13.27,11.79,15.22
2025/8/18,33.01,14.99,13.79,7.85,14.9
2025/8/19,34.12,15.57,14.7,10.16,14.82
2025/8/20,33.86,15.69,15.09,10.9,15.4
2025/8/21,34.29,16.6,16.37,18.24,15.44
2025/8/22,33.08,14.22,11.85,9.47,15.15
2025/8/25,33.88,14.79,13.01,8.06,15.09
2025/8/26,33.9,14.62,12.91,7.77,15.88
2025/8/27,33.78,14.85,13.27,15.07,15.9
2025/8/28,31.07,14.43,11.68,10.94,16.34
2025/8/29,31.68,15.36,12.72,11.55,17.39
2025/9/2,33,17.17,16.17,11.42,19.81
2025/9/3,32.14,16.35,14.45,10.06,19.53
2025/9/4,31,15.3,13.32,13.74,18.33
2025/9/5,31.25,15.18,12.66,10.01,18.3
2025/9/8,31.36,15.11,13.5,8.3,19.09
2025/9/9,31.4,15.04,13.61,8.93,17.99
2025/9/10,31.41,15.35,14.29,13.38,17.37
2025/9/11,30.85,14.71,12.99,10.07,16.48
2025/9/12,31.06,14.76,12.85,11.54,16.38
2025/9/15,33,15.69,14.71,8.99,17.9
2025/9/16,33.53,16.36,15.79,16.18,18.37
2025/9/17,33.15,15.72,14.53,14.77,17.41
2025/9/18,33.78,15.7,13.53,14.38,16.45
2025/9/19,33.63,15.45,12.41,10.65,16.76
2025/9/22,35.81,16.1,14.25,9.15,18.43
2025/9/23,36.27,16.64,14.67,9.68,19.06
2025/9/24,36.05,16.18,13.39,9.41,18.3
2025/9/25,36.45,16.74,14.17,12.35,19.07
2025/9/26,35.39,15.29,12.27,10.31,18.59
2025/9/29,36.73,16.12,13.51,10.23,19.19
2025/9/30,37.42,16.28,13.95,12.02,19.95
2025/10/1,38.07,16.29,13.53,10.32,19.05
2025/10/2,38.13,16.63,13.79,10.91,18.05
2025/10/3,38.18,16.65,13.47,11.88,17.66
2025/10/6,40.59,16.37,13.57,8.41,19.51
2025/10/7,40.25,17.24,14.99,11.3,19.94
2025/10/8,40.88,16.3,13.17,9.99,21.81
2025/10/9,41.11,16.43,13.92,11.33,21.85
2025/10/10,44.77,21.66,21.7,25.71,23.78
2025/10/13,43.18,19.03,18.02,14.64,24.53
2025/10/14,43.71,20.81,20.38,17.69,26.11
2025/10/15,43,20.64,19.28,17.08,27.12
2025/10/16,44.66,25.31,25.87,23.77,32.78
2025/10/17,43.28,20.78,19.8,17.89,31.2
2025/10/20,42.5,18.23,17.35,10.94,31.43
2025/10/21,41.86,17.87,16.88,11.68,29.82
2025/10/22,42.34,18.6,18.35,13.07,27.19
2025/10/23,40.7,17.3,16.62,13.8,26.68
2025/10/24,40.17,16.37,14.85,14.53,24.75
2025/10/27,41.55,15.79,14.64,8.94,23.94
2025/10/28,42.13,16.42,15.63,12.36,24.03
2025/10/29,43.93,16.92,15.61,15.16,24.7
2025/10/30,40.53,16.91,14.9,14.21,24.82
2025/10/31,39.97,17.44,14.71,13.77,22.66
2025/11/3,40.05,17.17,14.97,10,21.38
2025/11/4,40.07,19,17.75,15.23,21.43
2025/11/5,39.39,18.01,15.87,13.07,20.15
2025/11/6,40.75,19.5,18.12,15.95,20.13
2025/11/7,40.25,19.08,17.31,16.78,20.36
2025/11/10,39.26,17.6,16.04,11.21,23.34
2025/11/11,38.59,17.28,15.18,10.76,23.33
2025/11/12,37.77,17.51,15.37,12.06,25.82
2025/11/13,39.84,20,19.17,17.05,24.82
2025/11/14,39.1,19.83,18.61,18.5,24.13
2025/11/17,40.85,22.38,22.33,19.4,24.07
2025/11/18,42.52,24.69,25.18,20.92,23.9
2025/11/19,42.36,23.66,23.1,26.9,23.89
2025/11/20,44.04,26.42,26.35,29.17,22.93
2025/11/21,42.21,23.43,21.51,23.32,21.93
2025/11/24,39.02,20.52,18.55,14.29,22.55
2025/11/25,38.58,18.56,15.39,11.74,22.4
2025/11/26,36.72,17.19,13.33,14.72,21.95
2025/11/28,35.94,16.35,13.61,11.08,22.87
2025/12/1,36.33,17.24,16.55,11.74,23.34
2025/12/2,35.73,16.59,15.42,10.48,22.49
2025/12/3,35.84,16.08,14.46,9.84,21.96
2025/12/4,35.23,15.78,14.3,10.34,20.57
2025/12/5,34.56,15.41,13.9,9.92,19.92
2025/12/8,35.4,16.66,16.29,9.39,19.58
2025/12/9,34.94,16.93,16.3,13.7,20.35
2025/12/10,33.27,15.77,14.68,11.69,20.2
2025/12/11,32.73,14.85,12.46,10.7,20.97
2025/12/12,32.07,15.74,13.48,12.42,21.46
2025/12/15,32.54,16.5,14.2,12.89,21.2
2025/12/16,32.34,16.48,13.88,11.95,20.18
2025/12/17,33.47,17.62,15.75,16.93,21.22
2025/12/18,32.7,16.87,13.92,15.78,21.31
2025/12/19,31.61,14.91,10.49,10.35,20.72
2025/12/22,31.61,14.08,10.5,7.68,23.8
2025/12/23,31.27,14,10.06,7.58,24.53
2025/12/24,31.27,13.47,9.17,7.39,23.81
2025/12/26,32.04,13.6,9.65,7.72,25.78
2025/12/29,32.95,14.2,11.37,8.83,25.71
2025/12/30,32.82,14.33,11.46,10.12,24.83
2025/12/31,33.14,14.95,12,10.72,23.92
2026/1/2,34.16,14.51,11.72,9.89,23.8
2026/1/5,35.27,14.9,12.44,8.34,24.25
2026/1/6,35.31,14.75,12.13,7.97,24.82
2026/1/7,36.6,15.38,12.54,9.21,24.13
2026/1/8,36.83,15.45,12.83,13.64,24.07
2026/1/9,36.23,14.49,10.86,8.49,23.43
2026/1/12,37.01,15.12,11.94,9.57,25.03
2026/1/13,37.52,15.98,12.51,10.77,23.76
2026/1/14,37.87,16.75,13.18,11.8,23.57
2026/1/15,37.29,15.84,12.32,10.62,22.06
2026/1/16,36.7,15.86,12.09,12.31,22.23
2026/1/20,40.2,20.09,19.93,16.8,24.79
2026/1/21,38.61,16.9,15.88,12.23,26.27
2026/1/22,38.02,15.64,14.38,10.95,28.11
2026/1/23,38.23,16.09,15,13.66,30.01
2026/1/26,39.25,16.15,15.05,8.98,32.7
2026/1/27,39.56,16.35,14.85,10.61,33.13
2026/1/28,40.4,16.35,14.54,13.24,39.67
2026/1/29,39.87,16.88,15.22,13.72,46.02
2026/1/30,39.14,17.44,15.69,16.4,44.08
2026/2/2,39.37,16.34,14.45,9.48,37.38
2026/2/3,41.22,18,17.07,14.46,41.04
2026/2/4,42.27,18.64,18.67,17.5,36.93
2026/2/5,43.58,21.77,22.29,22.15,35.53
2026/2/6,39.79,20.37,15.43,14.98,33.96
2026/2/9,39.67,17.36,14.75,10.64,32.84
2026/2/10,39.22,17.79,14.94,13.64,28.86
2026/2/11,39.15,17.65,14.18,12.15,29.38
2026/2/12,42.28,20.82,19.8,21.51,30.23
2026/2/13,41.6,20.6,18.77,22.43,30.84
2026/2/16,41.6,20.29,20.31,16.16,33.24
2026/2/17,42.33,19.62,19.08,14.58,33.75
2026/2/18,41.38,20.23,19.87,16.62,33.56
2026/2/19,41.26,19.09,18.02,17.78,36.44
2026/2/20,40.74,21.01,21.11,15.07,38.46
2026/2/23,43.19,19.55,18.6,12.71,37.55
2026/2/24,42.35,17.93,16.28,16.09,34.96
2026/2/25,41.3,18.63,16.65,13.68,33.07
2026/2/26,39.7,19.86,18.59,19.05,33.23
2026/2/27,40.98,21.44,21.18,16.34,34.83
2026/3/2,41.45,23.57,24.55,20.3,38.77
2026/3/3,42.03,21.15,20.6,17.83,36.48
2026/3/4,40.64,23.75,23.55,21.88,35.31
2026/3/5,40.54,29.49,30.44,32.65,34.26
2026/3/6,44.18,25.5,27.85,22.68,33.52
2026/3/9,40.92,24.93,25.54,21.29,32.11
2026/3/10,40.37,24.23,24.44,18.99,30.68
2026/3/11,38.79,27.29,28.98,24.21,31.09
2026/3/12,40.75,27.19,28,30.24,32.31
2026/3/13,40.6,23.51,24.33,17.42,30.56
2026/3/16,39.02,22.37,22.36,17.55,27.98
2026/3/17,36.63,25.09,26.03,22.13,29.42
2026/3/18,38.25,24.06,24.09,20.72,31.05
2026/3/19,38.77,26.78,26.95,28.94,35.25
2026/3/20,40.88,26.15,27.76,23.17,43.36
2026/3/23,39.56,26.95,28.21,20.73,41.9
2026/3/24,40.51,25.33,25.26,19.08,38.65
2026/3/25,40.1,27.44,27.05,23.91,45.07
2026/3/26,42.31,31.05,30.64,34.3,45.51
2026/3/27,44.29,30.61,30.57,23.02,42.71
2026/3/30,45.26,25.25,24.18,19.03,38.89
2026/3/31,42.2,24.54,23.61,22.95,36.11
2026/4/1,41.54,23.87,21.71,27.59,37.85
2026/4/2,41.21,24.17,23.9,18.1,37.04
2026/4/3,41.21,25.78,27.27,31.85,37.43
2026/4/6,41.84,21.04,19.16,16.48,34.21
2026/4/7,43.12,19.49,16.81,14.07,31.66
2026/4/8,41.27,19.23,16.36,19.07,30.46
2026/4/9,41.28,19.12,17.33,11.77,30
2026/4/10,41.28,18.36,16.7,12.5,31.04
2026/4/13,41.84,18.17,16.01,12.65,29.97
2026/4/14,41.73,17.94,15.46,12.02,28.65
2026/4/15,42.34,17.48,14.81,14.24,28.95
2026/4/16,41.82,18.87,17.79,12.13,28.46
2026/4/17,40.59,19.5,18.68,16.2,29.31
2026/4/20,41.44,18.92,17.29,12.28,27.09
2026/4/21,42.74,19.31,18.04,14.82,27.87
2026/4/22,42.8,18.71,16.71,16.62,25.88
2026/4/23,42.61,18.02,16.69,10.57,25.37
2026/4/27,44.53,17.83,16.69,11.66,26.19
2026/4/28,43.55,18.81,17.61,18.15,27.77
2026/4/29,44.16,16.89,14.37,11.58,26.64
2026/4/30,40.74,16.99,14.15,13.71,26.43
2026/5/1,39.66,18.29,16.6,12.7,27.92
2026/5/4,40.2,17.38,14.64,10.75,26.61
2026/5/5,41.06,17.39,14.76,11.66,26.34
2026/5/6,41.03,17.08,14.56,12.38,27.03
2026/5/7,40.68,17.19,14.21,12.7,26.48
2026/5/8,42.04,18.38,16.89,11.52,27.48
2026/5/11,44.45,17.99,16.34,10.85,27.16
2026/5/12,43.9,17.87,15.87,11.54,26.56
2026/5/13,44.5,17.26,15.14,11.8,25.79
2026/5/14,44.12,18.43,16.37,16.75,26.34
2026/5/15,43.05,17.82,16.86,13.1,26.2
2026/5/18,42.95,18.06,16.64,13.3,26.63
2026/5/19,42.67,17.44,15.14,16.21,25.17
2026/5/20,42.9,16.76,14.08,14.02,24.59
2026/5/21,41,16.7,14.07,17.42,23.86
2026/5/22,40.6,16.59,,,
2026/5/25,40.6,17.01,14.84,11.13,24.27
2026/5/26,43.69,16.29,13.27,10.07,24.47
2026/5/27,43.65,15.74,12.98,10.86,24.83
2026/5/28,43.06,15.32,12.59,12.44,24.91
2026/5/29,44.72,16.05,13.76,9.6,25.64
2026/6/1,46.88,15.77,13.19,8.88,24.44
2026/6/2,46.74,16.06,13.41,11.48,24.49
2026/6/3,46.55,15.4,12.65,10.59,23.87
2026/6/4,43.73,21.51,23.92,28.7,28.89
2026/6/5,45.05,18.92,19.69,16.02,27.17
2026/6/8,45.22,19.87,22.14,20.6,28.04
2026/6/9,45.5,22.22,25.67,23.85,32.18
2026/6/10,45.4,19.44,20.66,21.09,28.33
2026/6/11,45.25,17.68,17.26,19.12,26.85
2026/6/12,44.31,16.2,15.58,12.92,26.47
2026/6/15,44.15,16.41,15.77,16.09,25.18
2026/6/16,42.95,18.44,18.63,20.68,28.45
2026/6/17,44.32,16.4,13.93,15.68,27.9
2026/6/18,45.04,17.28,16.29,12.42,26.15
2026/6/19,45.04,19.49,19.47,16.67,27.41
2026/6/22,46.89,18.63,18.07,16.68,31.6
2026/6/23,46.38,18.89,17.92,15.97,29.58
2026/6/24,46.54,18.41,16.8,17.56,27.18
2026/6/25,46.9,17.65,15.51,13.56,27.7
2026/6/26,46.36,16.45,13.73,11.61,27.2
2026/6/29,47.49,16.59,13.14,13.02,27.12
2026/6/30,47.39,16.15,12.37,13.22,26
2026/7/1,47.27,15.57,12.32,8.73,25.33
2026/7/2,47.59,16.13,13.42,10.66,26.21
2026/7/3,47.59,16.9,14.41,12.68,27.6
2026/7/6,48.88,15.84,12.5,10.13,25.33
2026/7/7,48.66,15.03,11.15,9.9,23.95
2026/7/8,50.01,17.16,15.13,14.63,26.93
2026/7/9,49.98,16.5,13.46,10.57,25.02
2026/7/10,48.97,15.67,12.06,9.51,24.88
2026/7/13,49.88,16.73,13.98,12.72,26.65
2026/7/14,50.12,18.77,16.85,16.69,25.6
2026/7/15,49.33,18.65,,,25.37
2026/7/16,49.39,17.05,,,23.94
2026/7/17,50.46,16.64,,,24.02
2026/7/20,50.67,18.7,,,25.14
2026/7/21,50.43,18.58,,,24.33
2026/7/23,49.52,18.67,,,24.13
2026/7/24,47.82,18.21,,,24.62
2026/7/27,48.4,20.66,,,24.64
2026/7/29,47.88,17.09,,,24.48
2026/7/30,46.27,15.99,,,23.31
2026/8/1,44.42,15.86,,,23.65
2026/8/3,45.02,16.5,,,23.5
2026/8/4,45.73,15.81,,,25.59
2026/8/5,43.48,15.15,,,24.86
2026/8/7,39.64,14.9,,,25.64
2026/8/10,39.74,15.46,,,27.9
2026/8/11,38.51,15.28,,,25.99
2026/8/12,37.69,14.55,,,25.58
2026/8/13,37.72,14.63,11.37,9.49,23.87
