Date,US10Y_Yield,Apple_Yield,Apple_Spread,Microsoft_Yield,Microsoft_Spread,Alphabet_Yield,Alphabet_Spread,Amazon_Yield,Amazon_Spread,Nvidia_Yield,Nvidia_Spread,Meta_Yield,Meta_Spread,Tesla_Yield,Tesla_Spread,SpaceX_Yield,SpaceX_Spread,Oracle_Yield,Oracle_Spread,CoreWeave_Yield,CoreWeave_Spread,Nebius_Yield,Nebius_Spread,IREN_Yield,IREN_Spread,TSMC_Yield,TSMC_Spread
2026/7/10,4.56,4.464444444,-0.095555556,4.73375,0.17375,3.969565217,-0.590434783,4.217727273,-0.342272727,4.922,0.362,5.115555556,0.555555556,7.515,2.955,,,,,,,,,,,4.634,0.074
2026/7/13,4.54,4.497777778,-0.042222222,4.775,0.235,3.985217391,-0.554782609,4.24,-0.3,4.988,0.448,5.117777778,0.577777778,7.33,2.79,,,,,,,,,,,4.656,0.116
2026/7/14,4.56,4.572222222,0.012222222,4.8225,0.2625,4.038695652,-0.521304348,4.346086957,-0.213913043,5.076,0.516,5.207777778,0.647777778,7.33,2.77,,,,,,,,,,,4.672,0.112
2026/7/15,4.62,4.538888889,-0.081111111,4.84875,0.22875,4.022173913,-0.597826087,4.323043478,-0.296956522,5.034,0.414,5.185555556,0.565555556,7.33,2.71,,,,,,,,,,,4.7,0.08
2026/7/16,4.58,4.495555556,-0.084444444,4.80125,0.22125,4.027826087,-0.552173913,4.29173913,-0.28826087,4.96,0.38,5.127777778,0.547777778,,,,,,,,,,,,,4.684,0.104
2026/7/17,4.55,4.511111111,-0.038888889,4.80625,0.25625,4.033478261,-0.516521739,4.287826087,-0.262173913,4.936,0.386,5.107777778,0.557777778,,,,,,,,,,,,,4.694,0.144
2026/7/20,4.57,4.5,-0.07,4.79625,0.22625,4.027826087,-0.542173913,4.292608696,-0.277391304,4.972,0.402,5.087777778,0.517777778,,,,,,,,,,,,,4.69,0.12
2026/7/21,4.55,4.534444444,-0.015555556,4.84,0.29,4.05826087,-0.49173913,4.327391304,-0.222608696,5.016,0.466,5.172222222,0.622222222,,,,,,,,,,,,,4.7,0.15
2026/7/22,4.6,4.553333333,-0.046666667,4.9,0.3,4.091304348,-0.508695652,4.358695652,-0.241304348,5.026,0.426,5.208888889,0.608888889,,,6.046666667,1.446666667,6.6345,2.0345,,,,,,,4.724,0.124
2026/7/23,4.63,4.618888889,-0.011111111,4.9375,0.3075,4.116086957,-0.513913043,4.389130435,-0.240869565,5.096,0.466,5.27,0.64,,,6.22,1.59,6.706,2.076,,,,,,,4.728,0.098
2026/7/24,4.67,4.655555556,-0.014444444,5.02125,0.35125,4.202173913,-0.467826087,4.474782609,-0.195217391,5.168,0.498,5.372222222,0.702222222,,,6.305,1.635,6.8705,2.2005,,,,,,,4.818,0.148
2026/7/27,4.71,4.653333333,-0.056666667,5.035,0.325,4.192608696,-0.517391304,4.46826087,-0.24173913,5.19,0.48,5.381111111,0.671111111,,,6.445,1.735,6.8235,2.1135,,,,,,,4.832,0.122
2026/7/28,4.69,4.604444444,-0.085555556,5.01,0.32,4.148695652,-0.541304348,4.451304348,-0.238695652,5.226,0.536,5.362222222,0.672222222,,,6.481666667,1.791666667,6.7825,2.0925,,,,,,,4.836,0.146
2026/7/29,4.65,4.593333333,-0.056666667,4.98875,0.33875,4.129565217,-0.520434783,4.425652174,-0.224347826,5.182,0.532,5.36,0.71,,,6.52,1.87,6.742,2.092,,,,,,,4.802,0.152
2026/7/30,4.61,4.622222222,0.012222222,5.015,0.405,4.183043478,-0.426956522,4.49,-0.12,5.272,0.662,5.406666667,0.796666667,,,6.556666667,1.946666667,6.777,2.167,,,,,,,4.826,0.216
2026/7/31,4.67,4.612222222,-0.057777778,5.02375,0.35375,4.16173913,-0.50826087,4.450869565,-0.219130435,5.24,0.57,5.358888889,0.688888889,,,6.453333333,1.783333333,6.7035,2.0335,,,,,,,4.824,0.154
2026/8/3,4.68,4.657777778,-0.022222222,5.01875,0.33875,4.158695652,-0.521304348,4.465217391,-0.214782609,5.238,0.558,5.383333333,0.703333333,,,6.401666667,1.721666667,6.686,2.006,,,,,,,4.824,0.144
2026/8/4,4.75,4.61,-0.14,4.9525,0.2025,4.115652174,-0.634347826,4.40173913,-0.34826087,5.194,0.444,5.307777778,0.557777778,8.035,3.285,6.355,1.605,6.592,1.842,,,,,,,4.826,0.076
2026/8/5,4.7,4.543333333,-0.156666667,4.875,0.175,4.071304348,-0.628695652,4.314347826,-0.385652174,5.104,0.404,5.234444444,0.534444444,8.035,3.335,6.263333333,1.563333333,6.5175,1.8175,,,,,,,4.81,0.11
2026/8/6,4.63,4.532222222,-0.097777778,4.83625,0.20625,4.060434783,-0.569565217,4.344782609,-0.285217391,5.084,0.454,5.195555556,0.565555556,8.035,3.405,6.275,1.645,6.514,1.884,,,,,,,4.79,0.16
2026/8/7,4.63,4.572222222,-0.057777778,4.89125,0.26125,4.126086957,-0.503913043,4.395217391,-0.234782609,5.166,0.536,5.297777778,0.667777778,8.035,3.405,6.263333333,1.633333333,6.5465,1.9165,,,,,,,4.808,0.178
2026/8/10,4.69,4.562222222,-0.127777778,4.8775,0.1875,4.106521739,-0.583478261,4.38826087,-0.30173913,5.166,0.476,5.305,0.615,8.035,3.345,6.276666667,1.586666667,6.5375,1.8475,,,,,,,4.792,0.102
2026/8/11,4.65,4.61,-0.04,4.92,0.27,4.164347826,-0.485652174,4.456086957,-0.193913043,5.266,0.616,5.346,0.696,8.035,3.385,6.273333333,1.623333333,6.5925,1.9425,,,,,,,4.792,0.142
2026/8/12,4.72,4.611111111,-0.108888889,4.93,0.21,4.264230769,-0.455769231,4.42826087,-0.29173913,5.218,0.498,5.414,0.694,8.035,3.315,6.326666667,1.606666667,6.6125,1.8925,,,,,,,4.822,0.102
2026/8/13,4.7,4.608888889,-0.091111111,4.91625,0.21625,4.257307692,-0.442692308,4.420434783,-0.279565217,5.22,0.52,5.375,0.675,8.035,3.335,6.26,1.56,6.547,1.847,,,,,,,4.834,0.134
2026/8/14,4.68,4.56,-0.12,4.87375,0.19375,4.213846154,-0.466153846,4.370869565,-0.309130435,5.162,0.482,5.323,0.643,8.035,3.355,6.085,1.405,6.4945,1.8145,,,,,,,4.83,0.15
2026/8/17,4.63,4.596666667,-0.033333333,4.915,0.285,4.266538462,-0.363461538,4.42173913,-0.20826087,5.234,0.604,5.36,0.73,8.035,3.405,6.136666667,1.506666667,6.5605,1.9305,,,,,,,4.83,0.2
2026/8/18,4.68,4.615555556,-0.064444444,4.955,0.275,4.280384615,-0.399615385,4.444347826,-0.235652174,5.298,0.618,5.411,0.731,8.035,3.355,6.163333333,1.483333333,6.59,1.91,,,,,,,4.83,0.15
2026/8/19,4.72,4.647777778,-0.072222222,4.97875,0.25875,4.319230769,-0.400769231,4.462173913,-0.257826087,5.204,0.484,5.443,0.723,8.035,3.315,6.28,1.56,6.649,1.929,,,,,,,4.84,0.12
2026/8/20,4.71,4.586666667,-0.123333333,4.90875,0.19875,4.298846154,-0.411153846,4.402173913,-0.307826087,5.192,0.482,5.369,0.659,8.035,3.325,6.173333333,1.463333333,6.602,1.892,,,,,,,4.848,0.138
2026/8/21,4.65,4.634444444,-0.015555556,4.9625,0.3125,4.331538462,-0.318461538,4.47,-0.18,5.254,0.604,5.423,0.773,8.035,3.385,6.238333333,1.588333333,6.6855,2.0355,,,,,,,4.838,0.188
2026/8/24,4.69,4.653333333,-0.036666667,4.97375,0.28375,4.335769231,-0.354230769,4.554,-0.136,5.268,0.578,5.498,0.808,8.035,3.345,6.243333333,1.553333333,6.723,2.033,,,,,,,4.838,0.148
2026/8/25,4.74,4.644444444,-0.095555556,4.96625,0.22625,4.438928571,-0.301071429,4.456086957,-0.283913043,5.27,0.53,5.459,0.719,8.035,3.295,6.291666667,1.551666667,6.7645,2.0245,,,,,,,4.846,0.106
2026/8/26,4.7,4.591111111,-0.108888889,4.91125,0.21125,4.383928571,-0.316071429,4.395652174,-0.304347826,5.212,0.512,5.408,0.708,8.035,3.335,6.291666667,1.591666667,6.701,2.001,,,,,,,4.83,0.13
2026/8/27,4.64,4.551111111,-0.088888889,4.8875,0.2475,4.395357143,-0.244642857,4.408695652,-0.231304348,5.21,0.57,5.347,0.707,8.035,3.395,6.188333333,1.548333333,6.617,1.977,,,,,,,4.83,0.19
2026/8/28,4.66,4.591111111,-0.068888889,4.90125,0.24125,4.426785714,-0.233214286,4.439130435,-0.220869565,5.256,0.596,5.405,0.745,8.035,3.375,6.173333333,1.513333333,6.6125,1.9525,11.5925,6.9325,,,,,4.794,0.134
